"id";"sido";"gugun";"gubun";"Type";"year_code"
0;"서울특별시";"중랑구";2;"신호";16
1;"서울특별시";"도봉구";2;"신호";16
2;"서울특별시";"노원구";2;"신호";16
3;"서울특별시";"서대문구";2;"신호";16
4;"서울특별시";"중구";2;"신호";16
5;"서울특별시";"송파구";2;"신호";17
6;"서울특별시";"관악구";2;"신호";16
7;"서울특별시";"관악구";2;"신호";16
8;"서울특별시";"관악구";2;"신호";16
9;"서울특별시";"중구";2;"신호";16
10;"서울특별시";"중구";2;"신호";16
11;"서울특별시";"송파구";2;"신호";16
12;"서울특별시";"송파구";2;"신호";16
13;"서울특별시";"서초구";2;"신호";16
14;"서울특별시";"강서구";2;"신호";16
15;"서울특별시";"강서구";1;"과속";16
16;"서울특별시";"동작구";2;"신호";16
17;"서울특별시";"관악구";1;"과속";16
18;"서울특별시";"관악구";1;"과속";16
19;"서울특별시";"서초구";1;"과속";16
20;"서울특별시";"서초구";1;"과속";16
21;"서울특별시";"은평구";2;"신호";18
22;"서울특별시";"양천구";2;"신호";16
23;"서울특별시";"노원구";2;"신호";16
24;"서울특별시";"서초구";2;"신호";16
25;"서울특별시";"서초구";2;"신호";16
26;"서울특별시";"강남구";2;"신호";16
27;"서울특별시";"강북구";4;"주정차";13
28;"서울특별시";"강북구";4;"주정차";13
29;"서울특별시";"강북구";2;"신호";16
30;"서울특별시";"강서구";2;"신호";16
31;"서울특별시";"광진구";2;"신호";16
32;"서울특별시";"동대문구";2;"신호";16
33;"서울특별시";"동작구";2;"신호";16
34;"서울특별시";"마포구";2;"신호";16
35;"서울특별시";"동대문구";2;"신호";16
36;"서울특별시";"송파구";2;"신호";16
37;"서울특별시";"강남구";2;"신호";16
38;"서울특별시";"양천구";2;"신호";16
39;"서울특별시";"은평구";2;"신호";16
40;"서울특별시";"종로구";2;"신호";16
41;"서울특별시";"강북구";4;"주정차";20
42;"서울특별시";"강북구";4;"주정차";20
43;"서울특별시";"강북구";4;"주정차";20
44;"서울특별시";"강북구";4;"주정차";13
45;"서울특별시";"강북구";4;"주정차";13
46;"서울특별시";"강북구";4;"주정차";13
47;"서울특별시";"강북구";4;"주정차";13
48;"서울특별시";"강북구";4;"주정차";13
49;"서울특별시";"강북구";4;"주정차";13
50;"서울특별시";"강북구";4;"주정차";13
51;"서울특별시";"강북구";4;"주정차";13
52;"서울특별시";"강북구";4;"주정차";13
53;"서울특별시";"강북구";4;"주정차";13
54;"서울특별시";"강북구";4;"주정차";13
55;"서울특별시";"강북구";4;"주정차";13
56;"서울특별시";"강북구";4;"주정차";13
57;"서울특별시";"강북구";4;"주정차";13
58;"서울특별시";"강북구";4;"주정차";13
59;"서울특별시";"강북구";4;"주정차";13
60;"서울특별시";"강북구";4;"주정차";13
61;"서울특별시";"강북구";4;"주정차";13
62;"서울특별시";"강북구";4;"주정차";18
63;"서울특별시";"강북구";4;"주정차";18
64;"서울특별시";"강북구";4;"주정차";18
65;"서울특별시";"강북구";4;"주정차";18
66;"서울특별시";"강북구";4;"주정차";18
67;"서울특별시";"강북구";4;"주정차";20
68;"서울특별시";"강북구";4;"주정차";20
69;"서울특별시";"강북구";4;"주정차";20
70;"서울특별시";"강북구";4;"주정차";13
71;"서울특별시";"강북구";4;"주정차";13
72;"서울특별시";"강북구";4;"주정차";13
73;"서울특별시";"강북구";4;"주정차";13
74;"서울특별시";"강북구";4;"주정차";13
75;"서울특별시";"강북구";4;"주정차";13
76;"서울특별시";"강북구";4;"주정차";13
77;"서울특별시";"강북구";4;"주정차";13
78;"서울특별시";"강북구";4;"주정차";13
79;"서울특별시";"강북구";4;"주정차";13
80;"서울특별시";"강북구";4;"주정차";13
81;"서울특별시";"강북구";4;"주정차";13
82;"서울특별시";"강북구";4;"주정차";13
83;"서울특별시";"강북구";4;"주정차";13
84;"서울특별시";"강서구";2;"신호";16
85;"서울특별시";"강서구";2;"신호";16
86;"서울특별시";"관악구";2;"신호";16
87;"서울특별시";"구로구";2;"신호";16
88;"서울특별시";"도봉구";1;"과속";16
89;"서울특별시";"동대문구";2;"신호";16
90;"서울특별시";"동작구";2;"신호";16
91;"서울특별시";"마포구";2;"신호";16
92;"서울특별시";"마포구";1;"과속";16
93;"서울특별시";"서대문구";1;"과속";16
94;"서울특별시";"서초구";2;"신호";16
95;"서울특별시";"성동구";2;"신호";16
96;"서울특별시";"성북구";2;"신호";16
97;"서울특별시";"성북구";2;"신호";16
98;"서울특별시";"양천구";2;"신호";16
99;"서울특별시";"영등포구";2;"신호";16
100;"서울특별시";"광진구";2;"신호";21
101;"서울특별시";"광진구";2;"신호";21
102;"서울특별시";"광진구";2;"신호";21
103;"서울특별시";"광진구";2;"신호";21
104;"서울특별시";"광진구";2;"신호";21
105;"서울특별시";"광진구";2;"신호";21
106;"서울특별시";"광진구";2;"신호";21
107;"서울특별시";"광진구";2;"신호";21
108;"서울특별시";"금천구";2;"신호";21
109;"서울특별시";"금천구";2;"신호";21
110;"서울특별시";"금천구";1;"과속";21
111;"서울특별시";"금천구";2;"신호";21
112;"서울특별시";"금천구";2;"신호";21
113;"서울특별시";"금천구";2;"신호";21
114;"서울특별시";"금천구";1;"과속";21
115;"서울특별시";"금천구";2;"신호";21
116;"서울특별시";"금천구";1;"과속";21
117;"서울특별시";"금천구";2;"신호";21
118;"서울특별시";"금천구";2;"신호";21
119;"서울특별시";"중랑구";2;"신호";21
120;"서울특별시";"중랑구";2;"신호";21
121;"서울특별시";"중랑구";1;"과속";21
122;"서울특별시";"중랑구";2;"신호";21
123;"서울특별시";"중랑구";2;"신호";21
124;"서울특별시";"중랑구";2;"신호";21
125;"서울특별시";"중랑구";2;"신호";21
126;"서울특별시";"중랑구";2;"신호";21
127;"서울특별시";"강남구";2;"신호";21
128;"서울특별시";"강남구";2;"신호";21
129;"서울특별시";"강남구";1;"과속";21
130;"서울특별시";"강남구";2;"신호";21
131;"서울특별시";"광진구";2;"신호";21
132;"서울특별시";"양천구";2;"신호";20
133;"서울특별시";"양천구";2;"신호";20
134;"서울특별시";"양천구";2;"신호";20
135;"서울특별시";"광진구";1;"과속";20
136;"서울특별시";"광진구";2;"신호";20
137;"서울특별시";"광진구";2;"신호";20
138;"서울특별시";"동작구";1;"과속";20
139;"서울특별시";"동작구";1;"과속";20
140;"서울특별시";"동작구";2;"신호";20
141;"서울특별시";"동작구";2;"신호";20
142;"서울특별시";"동작구";2;"신호";20
143;"서울특별시";"동작구";2;"신호";20
144;"서울특별시";"동작구";2;"신호";20
145;"서울특별시";"동작구";2;"신호";20
146;"서울특별시";"동작구";2;"신호";20
147;"서울특별시";"동작구";1;"과속";20
148;"서울특별시";"동작구";1;"과속";20
149;"서울특별시";"동작구";1;"과속";20
150;"서울특별시";"강동구";1;"과속";21
151;"서울특별시";"강동구";1;"과속";21
152;"서울특별시";"강동구";1;"과속";21
153;"서울특별시";"강동구";1;"과속";21
154;"서울특별시";"중랑구";2;"신호";21
155;"서울특별시";"중랑구";2;"신호";21
156;"서울특별시";"중랑구";2;"신호";21
157;"서울특별시";"영등포구";2;"신호";20
158;"서울특별시";"영등포구";2;"신호";20
159;"서울특별시";"영등포구";2;"신호";20
160;"서울특별시";"영등포구";2;"신호";20
161;"서울특별시";"영등포구";2;"신호";20
162;"서울특별시";"영등포구";2;"신호";20
163;"서울특별시";"영등포구";2;"신호";20
164;"서울특별시";"영등포구";2;"신호";20
165;"서울특별시";"영등포구";2;"신호";20
166;"서울특별시";"영등포구";1;"과속";20
167;"서울특별시";"양천구";2;"신호";20
168;"서울특별시";"강남구";2;"신호";20
169;"서울특별시";"강남구";2;"신호";20
170;"서울특별시";"관악구";1;"과속";20
171;"서울특별시";"관악구";2;"신호";20
172;"서울특별시";"관악구";2;"신호";20
173;"서울특별시";"관악구";2;"신호";20
174;"서울특별시";"관악구";2;"신호";20
175;"서울특별시";"양천구";2;"신호";20
176;"서울특별시";"양천구";2;"신호";20
177;"서울특별시";"양천구";2;"신호";20
178;"서울특별시";"양천구";1;"과속";20
179;"서울특별시";"양천구";2;"신호";20
180;"서울특별시";"양천구";2;"신호";20
181;"서울특별시";"양천구";1;"과속";20
182;"서울특별시";"양천구";1;"과속";20
183;"서울특별시";"양천구";2;"신호";20
184;"서울특별시";"구로구";2;"신호";20
185;"서울특별시";"구로구";2;"신호";20
186;"서울특별시";"구로구";2;"신호";20
187;"서울특별시";"구로구";2;"신호";20
188;"서울특별시";"구로구";2;"신호";20
189;"서울특별시";"구로구";2;"신호";20
190;"서울특별시";"구로구";2;"신호";20
191;"서울특별시";"구로구";2;"신호";20
192;"서울특별시";"구로구";2;"신호";20
193;"서울특별시";"구로구";2;"신호";20
194;"서울특별시";"구로구";2;"신호";20
195;"서울특별시";"구로구";2;"신호";20
196;"서울특별시";"구로구";2;"신호";20
197;"서울특별시";"구로구";2;"신호";20
198;"서울특별시";"강동구";2;"신호";20
199;"서울특별시";"강동구";2;"신호";20
200;"서울특별시";"강동구";2;"신호";20
201;"서울특별시";"강동구";2;"신호";20
202;"서울특별시";"강동구";2;"신호";20
203;"서울특별시";"강동구";2;"신호";20
204;"서울특별시";"강동구";2;"신호";20
205;"서울특별시";"강동구";2;"신호";20
206;"서울특별시";"강동구";2;"신호";20
207;"서울특별시";"강동구";2;"신호";20
208;"서울특별시";"강동구";2;"신호";20
209;"서울특별시";"영등포구";2;"신호";20
210;"서울특별시";"영등포구";2;"신호";20
211;"서울특별시";"영등포구";2;"신호";20
212;"서울특별시";"서대문구";2;"신호";20
213;"서울특별시";"서대문구";1;"과속";20
214;"서울특별시";"서대문구";2;"신호";20
215;"서울특별시";"서대문구";1;"과속";20
216;"서울특별시";"서대문구";1;"과속";20
217;"서울특별시";"서대문구";1;"과속";20
218;"서울특별시";"서대문구";1;"과속";20
219;"서울특별시";"관악구";2;"신호";20
220;"서울특별시";"관악구";2;"신호";20
221;"서울특별시";"관악구";2;"신호";20
222;"서울특별시";"관악구";2;"신호";20
223;"서울특별시";"관악구";1;"과속";20
224;"서울특별시";"관악구";2;"신호";20
225;"서울특별시";"서초구";2;"신호";20
226;"서울특별시";"서초구";1;"과속";20
227;"서울특별시";"서초구";1;"과속";20
228;"서울특별시";"서초구";2;"신호";20
229;"서울특별시";"서초구";1;"과속";20
230;"서울특별시";"서초구";1;"과속";20
231;"서울특별시";"서초구";1;"과속";20
232;"서울특별시";"서초구";1;"과속";20
233;"서울특별시";"서초구";2;"신호";20
234;"서울특별시";"서초구";2;"신호";20
235;"서울특별시";"서초구";2;"신호";20
236;"서울특별시";"서초구";1;"과속";20
237;"서울특별시";"서초구";2;"신호";20
238;"서울특별시";"서초구";2;"신호";20
239;"서울특별시";"서초구";1;"과속";20
240;"서울특별시";"송파구";2;"신호";20
241;"서울특별시";"송파구";2;"신호";20
242;"서울특별시";"송파구";2;"신호";20
243;"서울특별시";"송파구";2;"신호";20
244;"서울특별시";"송파구";2;"신호";20
245;"서울특별시";"송파구";2;"신호";20
246;"서울특별시";"송파구";2;"신호";20
247;"서울특별시";"송파구";2;"신호";20
248;"서울특별시";"서초구";2;"신호";20
249;"서울특별시";"관악구";2;"신호";20
250;"서울특별시";"관악구";2;"신호";20
251;"서울특별시";"관악구";2;"신호";20
252;"서울특별시";"관악구";2;"신호";20
253;"서울특별시";"관악구";2;"신호";20
254;"서울특별시";"관악구";2;"신호";20
255;"서울특별시";"서대문구";2;"신호";20
256;"서울특별시";"서대문구";2;"신호";20
257;"서울특별시";"서대문구";2;"신호";20
258;"서울특별시";"서대문구";1;"과속";20
259;"서울특별시";"서대문구";1;"과속";20
260;"서울특별시";"서대문구";1;"과속";20
261;"서울특별시";"서대문구";2;"신호";20
262;"서울특별시";"서대문구";2;"신호";20
263;"서울특별시";"서대문구";2;"신호";20
264;"서울특별시";"서대문구";2;"신호";20
265;"서울특별시";"서대문구";2;"신호";20
266;"서울특별시";"송파구";2;"신호";20
267;"서울특별시";"광진구";1;"과속";20
268;"서울특별시";"송파구";2;"신호";20
269;"서울특별시";"송파구";2;"신호";20
270;"서울특별시";"송파구";2;"신호";20
271;"서울특별시";"송파구";2;"신호";20
272;"서울특별시";"용산구";2;"신호";20
273;"서울특별시";"노원구";2;"신호";20
274;"서울특별시";"노원구";2;"신호";20
275;"서울특별시";"노원구";2;"신호";20
276;"서울특별시";"영등포구";2;"신호";20
277;"서울특별시";"영등포구";2;"신호";20
278;"서울특별시";"영등포구";2;"신호";20
279;"서울특별시";"영등포구";2;"신호";20
280;"서울특별시";"영등포구";2;"신호";20
281;"서울특별시";"구로구";2;"신호";20
282;"서울특별시";"구로구";2;"신호";20
283;"서울특별시";"도봉구";1;"과속";20
284;"서울특별시";"도봉구";2;"신호";20
285;"서울특별시";"은평구";2;"신호";20
286;"서울특별시";"강서구";2;"신호";20
287;"서울특별시";"강서구";2;"신호";20
288;"서울특별시";"강서구";2;"신호";20
289;"서울특별시";"강서구";2;"신호";20
290;"서울특별시";"송파구";2;"신호";20
291;"서울특별시";"송파구";2;"신호";20
292;"서울특별시";"송파구";2;"신호";20
293;"서울특별시";"성동구";2;"신호";20
294;"서울특별시";"성동구";1;"과속";20
295;"서울특별시";"성동구";2;"신호";20
296;"서울특별시";"성동구";2;"신호";20
297;"서울특별시";"성동구";2;"신호";20
298;"서울특별시";"성동구";2;"신호";20
299;"서울특별시";"성동구";2;"신호";20
300;"서울특별시";"송파구";2;"신호";20
301;"서울특별시";"송파구";2;"신호";20
302;"서울특별시";"송파구";2;"신호";20
303;"서울특별시";"종로구";1;"과속";20
304;"서울특별시";"종로구";1;"과속";20
305;"서울특별시";"서초구";2;"신호";20
306;"서울특별시";"서초구";2;"신호";20
307;"서울특별시";"서초구";2;"신호";20
308;"서울특별시";"서초구";1;"과속";20
309;"서울특별시";"서초구";2;"신호";20
310;"서울특별시";"서초구";2;"신호";20
311;"서울특별시";"서초구";2;"신호";20
312;"서울특별시";"서초구";2;"신호";20
313;"서울특별시";"서초구";2;"신호";20
314;"서울특별시";"서초구";2;"신호";20
315;"서울특별시";"서초구";2;"신호";20
316;"서울특별시";"서초구";2;"신호";20
317;"서울특별시";"동작구";2;"신호";20
318;"서울특별시";"송파구";2;"신호";20
319;"서울특별시";"강북구";2;"신호";19
320;"서울특별시";"강동구";4;"주정차";19
321;"서울특별시";"강동구";4;"주정차";19
322;"서울특별시";"강동구";4;"주정차";20
323;"서울특별시";"강동구";4;"주정차";20
324;"서울특별시";"강동구";4;"주정차";20
325;"서울특별시";"강동구";4;"주정차";20
326;"서울특별시";"강동구";4;"주정차";20
327;"서울특별시";"강동구";4;"주정차";20
328;"서울특별시";"강동구";4;"주정차";20
329;"서울특별시";"강동구";4;"주정차";20
330;"서울특별시";"강동구";4;"주정차";20
331;"서울특별시";"강동구";4;"주정차";20
332;"서울특별시";"강동구";4;"주정차";8
333;"서울특별시";"강동구";4;"주정차";8
334;"서울특별시";"강동구";4;"주정차";15
335;"서울특별시";"광진구";2;"신호";19
336;"서울특별시";"구로구";2;"신호";19
337;"서울특별시";"강남구";2;"신호";19
338;"서울특별시";"강동구";2;"신호";19
339;"서울특별시";"금천구";2;"신호";19
340;"서울특별시";"노원구";2;"신호";19
341;"서울특별시";"동대문구";2;"신호";19
342;"서울특별시";"동작구";2;"신호";19
343;"서울특별시";"동작구";2;"신호";19
344;"서울특별시";"마포구";2;"신호";19
345;"서울특별시";"서대문구";2;"신호";19
346;"서울특별시";"성동구";2;"신호";19
347;"서울특별시";"성북구";2;"신호";19
348;"서울특별시";"영등포구";2;"신호";19
349;"서울특별시";"중랑구";2;"신호";19
350;"서울특별시";"양천구";2;"신호";19
351;"서울특별시";"강동구";2;"신호";19
352;"서울특별시";"강서구";2;"신호";19
353;"서울특별시";"동작구";2;"신호";19
354;"서울특별시";"마포구";1;"과속";19
355;"서울특별시";"마포구";1;"과속";19
356;"서울특별시";"마포구";1;"과속";19
357;"서울특별시";"마포구";1;"과속";19
358;"서울특별시";"성북구";2;"신호";20
359;"서울특별시";"성북구";2;"신호";20
360;"서울특별시";"강동구";1;"과속";20
361;"서울특별시";"마포구";4;"주정차";7
362;"서울특별시";"마포구";4;"주정차";10
363;"서울특별시";"마포구";4;"주정차";16
364;"서울특별시";"마포구";4;"주정차";19
365;"서울특별시";"마포구";4;"주정차";19
366;"서울특별시";"마포구";4;"주정차";19
367;"서울특별시";"마포구";4;"주정차";19
368;"서울특별시";"마포구";4;"주정차";19
369;"서울특별시";"마포구";4;"주정차";20
370;"서울특별시";"마포구";4;"주정차";20
371;"서울특별시";"마포구";4;"주정차";20
372;"서울특별시";"마포구";4;"주정차";20
373;"서울특별시";"마포구";4;"주정차";20
374;"서울특별시";"강동구";4;"주정차";8
375;"서울특별시";"강동구";4;"주정차";8
376;"서울특별시";"강동구";4;"주정차";9
377;"서울특별시";"강동구";4;"주정차";9
378;"서울특별시";"강동구";4;"주정차";9
379;"서울특별시";"강동구";4;"주정차";9
380;"서울특별시";"강동구";4;"주정차";11
381;"서울특별시";"강동구";4;"주정차";11
382;"서울특별시";"강동구";4;"주정차";12
383;"서울특별시";"강동구";4;"주정차";12
384;"서울특별시";"강동구";4;"주정차";14
385;"서울특별시";"강동구";4;"주정차";14
386;"서울특별시";"강동구";4;"주정차";14
387;"서울특별시";"강동구";4;"주정차";16
388;"서울특별시";"강동구";4;"주정차";17
389;"서울특별시";"강동구";4;"주정차";17
390;"서울특별시";"강동구";4;"주정차";18
391;"서울특별시";"강동구";4;"주정차";18
392;"서울특별시";"강동구";4;"주정차";18
393;"서울특별시";"강동구";4;"주정차";6
394;"서울특별시";"강동구";4;"주정차";6
395;"서울특별시";"강동구";4;"주정차";6
396;"서울특별시";"강동구";4;"주정차";6
397;"서울특별시";"강동구";4;"주정차";6
398;"서울특별시";"강동구";4;"주정차";6
399;"서울특별시";"강동구";4;"주정차";8
400;"서울특별시";"강동구";4;"주정차";8
401;"서울특별시";"강동구";4;"주정차";8
402;"서울특별시";"강동구";4;"주정차";8
403;"서울특별시";"강동구";4;"주정차";8
404;"서울특별시";"강동구";4;"주정차";8
405;"서울특별시";"강동구";4;"주정차";6
406;"서울특별시";"강동구";4;"주정차";8
407;"서울특별시";"강동구";4;"주정차";8
408;"서울특별시";"강동구";4;"주정차";8
409;"서울특별시";"강동구";4;"주정차";8
410;"서울특별시";"강동구";4;"주정차";8
411;"서울특별시";"강동구";4;"주정차";8
412;"서울특별시";"강동구";4;"주정차";8
413;"서울특별시";"강동구";4;"주정차";8
414;"서울특별시";"강동구";4;"주정차";8
415;"서울특별시";"강동구";4;"주정차";8
416;"서울특별시";"강동구";4;"주정차";8
417;"서울특별시";"강동구";4;"주정차";5
418;"서울특별시";"강동구";4;"주정차";5
419;"서울특별시";"강동구";4;"주정차";9
420;"서울특별시";"강동구";4;"주정차";5
421;"서울특별시";"강동구";4;"주정차";5
422;"서울특별시";"강동구";4;"주정차";5
423;"서울특별시";"강동구";4;"주정차";5
424;"서울특별시";"강동구";4;"주정차";6
425;"서울특별시";"강동구";4;"주정차";6
426;"서울특별시";"강동구";4;"주정차";5
427;"서울특별시";"강동구";4;"주정차";5
428;"서울특별시";"강동구";4;"주정차";5
429;"서울특별시";"금천구";4;"주정차";15
430;"서울특별시";"금천구";4;"주정차";16
431;"서울특별시";"금천구";4;"주정차";15
432;"서울특별시";"금천구";4;"주정차";15
433;"서울특별시";"금천구";4;"주정차";16
434;"서울특별시";"금천구";4;"주정차";15
435;"서울특별시";"금천구";4;"주정차";15
436;"서울특별시";"금천구";4;"주정차";15
437;"서울특별시";"금천구";4;"주정차";15
438;"서울특별시";"금천구";4;"주정차";15
439;"서울특별시";"금천구";4;"주정차";15
440;"서울특별시";"금천구";4;"주정차";15
441;"서울특별시";"금천구";4;"주정차";15
442;"서울특별시";"금천구";4;"주정차";15
443;"서울특별시";"금천구";4;"주정차";16
444;"서울특별시";"금천구";4;"주정차";16
445;"서울특별시";"금천구";4;"주정차";15
446;"서울특별시";"금천구";4;"주정차";15
447;"서울특별시";"금천구";4;"주정차";15
448;"서울특별시";"금천구";4;"주정차";15
449;"서울특별시";"금천구";4;"주정차";15
450;"서울특별시";"금천구";4;"주정차";16
451;"서울특별시";"금천구";4;"주정차";15
452;"서울특별시";"금천구";4;"주정차";15
453;"서울특별시";"금천구";4;"주정차";15
454;"서울특별시";"금천구";4;"주정차";15
455;"서울특별시";"금천구";4;"주정차";15
456;"서울특별시";"금천구";4;"주정차";15
457;"서울특별시";"금천구";4;"주정차";15
458;"서울특별시";"금천구";4;"주정차";15
459;"서울특별시";"금천구";4;"주정차";16
460;"서울특별시";"금천구";4;"주정차";16
461;"서울특별시";"금천구";4;"주정차";16
462;"서울특별시";"금천구";4;"주정차";16
463;"서울특별시";"금천구";4;"주정차";16
464;"서울특별시";"금천구";4;"주정차";17
465;"서울특별시";"금천구";4;"주정차";17
466;"서울특별시";"금천구";4;"주정차";18
467;"서울특별시";"성동구";2;"신호";14
468;"서울특별시";"중구";2;"신호";14
469;"서울특별시";"종로구";2;"신호";14
470;"서울특별시";"종로구";2;"신호";14
471;"서울특별시";"은평구";2;"신호";14
472;"서울특별시";"서대문구";2;"신호";14
473;"서울특별시";"동대문구";2;"신호";14
474;"서울특별시";"관악구";1;"과속";14
475;"서울특별시";"중구";1;"과속";15
476;"서울특별시";"광진구";2;"신호";15
477;"서울특별시";"서초구";1;"과속";15
478;"서울특별시";"동대문구";1;"과속";14
479;"서울특별시";"용산구";1;"과속";14
480;"서울특별시";"광진구";1;"과속";14
481;"서울특별시";"중랑구";1;"과속";14
482;"서울특별시";"서초구";2;"신호";14
483;"서울특별시";"서초구";2;"신호";14
484;"서울특별시";"강동구";2;"신호";14
485;"서울특별시";"강남구";2;"신호";14
486;"서울특별시";"강남구";2;"신호";14
487;"서울특별시";"금천구";2;"신호";14
488;"서울특별시";"관악구";2;"신호";14
489;"서울특별시";"영등포구";2;"신호";14
490;"서울특별시";"양천구";2;"신호";14
491;"서울특별시";"영등포구";2;"신호";14
492;"서울특별시";"강서구";2;"신호";14
493;"서울특별시";"구로구";2;"신호";14
494;"서울특별시";"강북구";2;"신호";14
495;"서울특별시";"도봉구";2;"신호";14
496;"서울특별시";"노원구";2;"신호";14
497;"서울특별시";"광진구";2;"신호";14
498;"서울특별시";"중랑구";2;"신호";14
499;"서울특별시";"강동구";2;"신호";15
500;"서울특별시";"강동구";2;"신호";15
501;"서울특별시";"동대문구";2;"신호";15
502;"서울특별시";"중랑구";2;"신호";15
503;"서울특별시";"영등포구";2;"신호";15
504;"서울특별시";"영등포구";2;"신호";15
505;"서울특별시";"동대문구";2;"신호";15
506;"서울특별시";"동대문구";2;"신호";15
507;"서울특별시";"강서구";1;"과속";15
508;"서울특별시";"강서구";2;"신호";15
509;"서울특별시";"강서구";2;"신호";15
510;"서울특별시";"중랑구";1;"과속";16
511;"서울특별시";"서초구";1;"과속";15
512;"서울특별시";"서초구";2;"신호";15
513;"서울특별시";"서초구";2;"신호";15
514;"서울특별시";"서초구";1;"과속";15
515;"서울특별시";"서초구";1;"과속";15
516;"서울특별시";"서초구";1;"과속";16
517;"서울특별시";"금천구";1;"과속";16
518;"서울특별시";"성동구";1;"과속";16
519;"서울특별시";"용산구";1;"과속";16
520;"서울특별시";"용산구";1;"과속";16
521;"서울특별시";"영등포구";1;"과속";16
522;"서울특별시";"서초구";1;"과속";16
523;"서울특별시";"강남구";1;"과속";16
524;"서울특별시";"서초구";1;"과속";16
525;"서울특별시";"강동구";2;"신호";16
526;"서울특별시";"강북구";2;"신호";16
527;"서울특별시";"서초구";2;"신호";15
528;"서울특별시";"서초구";2;"신호";15
529;"서울특별시";"서초구";2;"신호";15
530;"서울특별시";"강남구";1;"과속";15
531;"서울특별시";"강남구";2;"신호";15
532;"서울특별시";"중랑구";1;"과속";15
533;"서울특별시";"종로구";4;"주정차";2
534;"서울특별시";"종로구";4;"주정차";7
535;"서울특별시";"종로구";4;"주정차";12
536;"서울특별시";"종로구";4;"주정차";7
537;"서울특별시";"종로구";4;"주정차";4
538;"서울특별시";"종로구";4;"주정차";4
539;"서울특별시";"종로구";4;"주정차";4
540;"서울특별시";"종로구";4;"주정차";4
541;"서울특별시";"종로구";4;"주정차";16
542;"서울특별시";"종로구";4;"주정차";12
543;"서울특별시";"종로구";4;"주정차";3
544;"서울특별시";"종로구";4;"주정차";17
545;"서울특별시";"종로구";4;"주정차";17
546;"서울특별시";"종로구";4;"주정차";3
547;"서울특별시";"종로구";4;"주정차";3
548;"서울특별시";"종로구";4;"주정차";13
549;"서울특별시";"종로구";4;"주정차";3
550;"서울특별시";"종로구";4;"주정차";5
551;"서울특별시";"종로구";4;"주정차";12
552;"서울특별시";"종로구";4;"주정차";17
553;"서울특별시";"종로구";4;"주정차";17
554;"서울특별시";"종로구";4;"주정차";17
555;"서울특별시";"종로구";4;"주정차";17
556;"서울특별시";"종로구";4;"주정차";19
557;"서울특별시";"종로구";4;"주정차";20
558;"서울특별시";"종로구";4;"주정차";20
559;"서울특별시";"종로구";4;"주정차";20
560;"서울특별시";"종로구";4;"주정차";20
561;"서울특별시";"종로구";4;"주정차";20
562;"서울특별시";"종로구";4;"주정차";19
563;"서울특별시";"종로구";4;"주정차";7
564;"서울특별시";"종로구";4;"주정차";12
565;"서울특별시";"종로구";4;"주정차";2
566;"서울특별시";"종로구";4;"주정차";2
567;"서울특별시";"종로구";4;"주정차";5
568;"서울특별시";"종로구";4;"주정차";5
569;"서울특별시";"종로구";4;"주정차";7
570;"서울특별시";"종로구";4;"주정차";5
571;"서울특별시";"종로구";4;"주정차";5
572;"서울특별시";"종로구";4;"주정차";5
573;"서울특별시";"종로구";4;"주정차";4
574;"서울특별시";"종로구";4;"주정차";5
575;"서울특별시";"종로구";4;"주정차";4
576;"서울특별시";"종로구";4;"주정차";4
577;"서울특별시";"종로구";4;"주정차";4
578;"서울특별시";"종로구";4;"주정차";4
579;"서울특별시";"종로구";4;"주정차";4
580;"서울특별시";"종로구";4;"주정차";16
581;"서울특별시";"종로구";4;"주정차";15
582;"서울특별시";"종로구";4;"주정차";10
583;"서울특별시";"종로구";4;"주정차";7
584;"서울특별시";"종로구";4;"주정차";7
585;"서울특별시";"종로구";4;"주정차";18
586;"서울특별시";"종로구";4;"주정차";12
587;"서울특별시";"종로구";4;"주정차";12
588;"서울특별시";"종로구";4;"주정차";5
589;"서울특별시";"종로구";4;"주정차";5
590;"서울특별시";"종로구";4;"주정차";9
591;"서울특별시";"종로구";4;"주정차";11
592;"서울특별시";"종로구";4;"주정차";7
593;"서울특별시";"종로구";4;"주정차";11
594;"서울특별시";"종로구";4;"주정차";7
595;"서울특별시";"종로구";4;"주정차";5
596;"서울특별시";"종로구";4;"주정차";15
597;"서울특별시";"종로구";4;"주정차";10
598;"서울특별시";"종로구";4;"주정차";10
599;"서울특별시";"종로구";4;"주정차";8
600;"서울특별시";"종로구";4;"주정차";5
601;"서울특별시";"종로구";4;"주정차";11
602;"서울특별시";"종로구";4;"주정차";5
603;"서울특별시";"종로구";4;"주정차";5
604;"서울특별시";"종로구";4;"주정차";5
605;"서울특별시";"종로구";4;"주정차";5
606;"서울특별시";"종로구";4;"주정차";5
607;"서울특별시";"종로구";4;"주정차";9
608;"서울특별시";"종로구";4;"주정차";17
609;"서울특별시";"종로구";4;"주정차";5
610;"서울특별시";"종로구";4;"주정차";7
611;"서울특별시";"종로구";4;"주정차";19
612;"서울특별시";"종로구";4;"주정차";14
613;"서울특별시";"종로구";4;"주정차";14
614;"서울특별시";"종로구";4;"주정차";14
615;"서울특별시";"종로구";4;"주정차";14
616;"서울특별시";"종로구";4;"주정차";14
617;"서울특별시";"종로구";4;"주정차";14
618;"서울특별시";"종로구";4;"주정차";14
619;"서울특별시";"종로구";4;"주정차";14
620;"서울특별시";"종로구";4;"주정차";15
621;"서울특별시";"종로구";4;"주정차";15
622;"서울특별시";"종로구";4;"주정차";15
623;"서울특별시";"종로구";4;"주정차";15
624;"서울특별시";"종로구";4;"주정차";20
625;"서울특별시";"종로구";4;"주정차";15
626;"서울특별시";"종로구";4;"주정차";15
627;"서울특별시";"종로구";4;"주정차";15
628;"서울특별시";"종로구";4;"주정차";15
629;"서울특별시";"종로구";4;"주정차";15
630;"서울특별시";"종로구";4;"주정차";15
631;"서울특별시";"종로구";4;"주정차";16
632;"서울특별시";"종로구";4;"주정차";16
633;"서울특별시";"종로구";4;"주정차";16
634;"서울특별시";"종로구";4;"주정차";16
635;"서울특별시";"종로구";4;"주정차";16
636;"서울특별시";"종로구";4;"주정차";19
637;"서울특별시";"종로구";4;"주정차";17
638;"서울특별시";"종로구";4;"주정차";16
639;"서울특별시";"종로구";4;"주정차";19
640;"서울특별시";"종로구";4;"주정차";14
641;"서울특별시";"종로구";4;"주정차";14
642;"서울특별시";"종로구";4;"주정차";14
643;"서울특별시";"종로구";4;"주정차";14
644;"서울특별시";"종로구";4;"주정차";14
645;"서울특별시";"종로구";4;"주정차";14
646;"서울특별시";"종로구";4;"주정차";14
647;"서울특별시";"종로구";4;"주정차";14
648;"서울특별시";"종로구";4;"주정차";14
649;"서울특별시";"종로구";4;"주정차";14
650;"서울특별시";"종로구";4;"주정차";14
651;"서울특별시";"금천구";4;"주정차";15
652;"서울특별시";"금천구";4;"주정차";15
653;"서울특별시";"금천구";4;"주정차";16
654;"서울특별시";"금천구";4;"주정차";15
655;"서울특별시";"종로구";4;"주정차";13
656;"서울특별시";"종로구";4;"주정차";14
657;"서울특별시";"종로구";4;"주정차";14
658;"서울특별시";"종로구";4;"주정차";14
659;"서울특별시";"종로구";4;"주정차";14
660;"서울특별시";"종로구";4;"주정차";14
661;"서울특별시";"종로구";4;"주정차";14
662;"서울특별시";"종로구";4;"주정차";21
663;"서울특별시";"종로구";4;"주정차";21
664;"서울특별시";"종로구";4;"주정차";21
665;"서울특별시";"종로구";4;"주정차";21
666;"서울특별시";"종로구";4;"주정차";21
667;"서울특별시";"종로구";4;"주정차";21
668;"서울특별시";"종로구";4;"주정차";21
669;"서울특별시";"종로구";4;"주정차";21
670;"서울특별시";"종로구";4;"주정차";21
671;"서울특별시";"종로구";4;"주정차";21
672;"서울특별시";"종로구";4;"주정차";21
673;"서울특별시";"종로구";4;"주정차";12
674;"서울특별시";"종로구";4;"주정차";12
675;"서울특별시";"종로구";4;"주정차";13
676;"서울특별시";"종로구";4;"주정차";20
677;"서울특별시";"종로구";4;"주정차";13
678;"서울특별시";"종로구";4;"주정차";13
679;"서울특별시";"금천구";4;"주정차";18
680;"서울특별시";"금천구";4;"주정차";18
681;"서울특별시";"금천구";4;"주정차";19
682;"서울특별시";"금천구";4;"주정차";19
683;"서울특별시";"금천구";4;"주정차";19
684;"서울특별시";"금천구";4;"주정차";20
685;"서울특별시";"금천구";4;"주정차";20
686;"서울특별시";"금천구";4;"주정차";20
687;"서울특별시";"금천구";4;"주정차";20
688;"서울특별시";"금천구";4;"주정차";20
689;"서울특별시";"금천구";4;"주정차";20
690;"서울특별시";"금천구";4;"주정차";20
691;"서울특별시";"금천구";4;"주정차";20
692;"서울특별시";"금천구";4;"주정차";20
693;"서울특별시";"성북구";4;"주정차";18
694;"서울특별시";"성북구";4;"주정차";19
695;"서울특별시";"성북구";4;"주정차";19
696;"서울특별시";"성북구";4;"주정차";19
697;"서울특별시";"성북구";4;"주정차";19
698;"서울특별시";"성북구";4;"주정차";19
699;"서울특별시";"성북구";4;"주정차";19
700;"서울특별시";"성북구";4;"주정차";19
701;"서울특별시";"성북구";4;"주정차";20
702;"서울특별시";"서대문구";1;"과속";14
703;"서울특별시";"서대문구";4;"주정차";19
704;"서울특별시";"서대문구";4;"주정차";19
705;"서울특별시";"서대문구";4;"주정차";15
706;"서울특별시";"서대문구";4;"주정차";16
707;"서울특별시";"서대문구";4;"주정차";16
708;"서울특별시";"서대문구";4;"주정차";16
709;"서울특별시";"서대문구";4;"주정차";16
710;"서울특별시";"서대문구";4;"주정차";16
711;"서울특별시";"서대문구";4;"주정차";16
712;"서울특별시";"서대문구";4;"주정차";16
713;"서울특별시";"서대문구";4;"주정차";16
714;"서울특별시";"서대문구";4;"주정차";16
715;"서울특별시";"서대문구";4;"주정차";16
716;"서울특별시";"서대문구";4;"주정차";16
717;"서울특별시";"서대문구";4;"주정차";16
718;"서울특별시";"서대문구";4;"주정차";16
719;"서울특별시";"서대문구";4;"주정차";17
720;"서울특별시";"서대문구";4;"주정차";17
721;"서울특별시";"서대문구";4;"주정차";17
722;"서울특별시";"서대문구";4;"주정차";17
723;"서울특별시";"서대문구";4;"주정차";17
724;"서울특별시";"서대문구";4;"주정차";18
725;"서울특별시";"서대문구";4;"주정차";18
726;"서울특별시";"서대문구";4;"주정차";18
727;"서울특별시";"마포구";4;"주정차";17
728;"서울특별시";"서대문구";4;"주정차";18
729;"서울특별시";"서대문구";4;"주정차";19
730;"서울특별시";"서대문구";4;"주정차";19
731;"서울특별시";"서대문구";4;"주정차";14
732;"서울특별시";"서대문구";4;"주정차";14
733;"서울특별시";"서대문구";4;"주정차";14
734;"서울특별시";"서대문구";4;"주정차";14
735;"서울특별시";"서대문구";4;"주정차";14
736;"서울특별시";"서대문구";4;"주정차";14
737;"서울특별시";"서대문구";4;"주정차";14
738;"서울특별시";"서대문구";4;"주정차";14
739;"서울특별시";"서대문구";4;"주정차";14
740;"서울특별시";"서대문구";4;"주정차";14
741;"서울특별시";"서대문구";4;"주정차";14
742;"서울특별시";"서대문구";4;"주정차";14
743;"서울특별시";"서대문구";4;"주정차";14
744;"서울특별시";"서대문구";4;"주정차";14
745;"서울특별시";"서대문구";4;"주정차";14
746;"서울특별시";"서대문구";4;"주정차";15
747;"서울특별시";"서대문구";4;"주정차";15
748;"서울특별시";"서대문구";4;"주정차";15
749;"서울특별시";"서대문구";4;"주정차";15
750;"서울특별시";"서대문구";4;"주정차";15
751;"서울특별시";"서대문구";4;"주정차";15
752;"서울특별시";"서대문구";4;"주정차";15
753;"서울특별시";"서대문구";4;"주정차";15
754;"서울특별시";"서대문구";4;"주정차";15
755;"서울특별시";"서대문구";4;"주정차";15
756;"서울특별시";"서대문구";4;"주정차";15
757;"서울특별시";"서대문구";4;"주정차";8
758;"서울특별시";"서대문구";4;"주정차";8
759;"서울특별시";"서대문구";4;"주정차";8
760;"서울특별시";"서대문구";4;"주정차";9
761;"서울특별시";"서대문구";4;"주정차";9
762;"서울특별시";"서대문구";4;"주정차";9
763;"서울특별시";"서대문구";4;"주정차";9
764;"서울특별시";"서대문구";4;"주정차";9
765;"서울특별시";"서대문구";4;"주정차";9
766;"서울특별시";"서대문구";4;"주정차";9
767;"서울특별시";"서대문구";4;"주정차";9
768;"서울특별시";"서대문구";4;"주정차";11
769;"서울특별시";"서대문구";4;"주정차";11
770;"서울특별시";"서대문구";4;"주정차";11
771;"서울특별시";"서대문구";4;"주정차";11
772;"서울특별시";"서대문구";4;"주정차";12
773;"서울특별시";"서대문구";4;"주정차";13
774;"서울특별시";"서대문구";4;"주정차";13
775;"서울특별시";"서대문구";4;"주정차";13
776;"서울특별시";"서대문구";4;"주정차";13
777;"서울특별시";"서대문구";4;"주정차";13
778;"서울특별시";"서대문구";4;"주정차";13
779;"서울특별시";"서대문구";4;"주정차";13
780;"서울특별시";"서대문구";4;"주정차";13
781;"서울특별시";"서대문구";4;"주정차";7
782;"서울특별시";"서대문구";4;"주정차";7
783;"서울특별시";"서대문구";4;"주정차";7
784;"서울특별시";"서대문구";4;"주정차";7
785;"서울특별시";"서대문구";4;"주정차";7
786;"서울특별시";"서대문구";4;"주정차";7
787;"서울특별시";"서대문구";4;"주정차";7
788;"서울특별시";"서대문구";4;"주정차";7
789;"서울특별시";"서대문구";4;"주정차";7
790;"서울특별시";"서대문구";4;"주정차";7
791;"서울특별시";"서대문구";4;"주정차";7
792;"서울특별시";"서대문구";4;"주정차";7
793;"서울특별시";"서대문구";4;"주정차";7
794;"서울특별시";"서대문구";4;"주정차";7
795;"서울특별시";"서대문구";4;"주정차";7
796;"서울특별시";"서대문구";4;"주정차";8
797;"서울특별시";"서대문구";4;"주정차";8
798;"서울특별시";"서대문구";4;"주정차";8
799;"서울특별시";"서대문구";4;"주정차";8
800;"서울특별시";"서대문구";4;"주정차";8
801;"서울특별시";"서대문구";4;"주정차";8
802;"서울특별시";"서대문구";4;"주정차";8
803;"서울특별시";"서대문구";4;"주정차";8
804;"서울특별시";"서대문구";4;"주정차";8
805;"서울특별시";"마포구";4;"주정차";18
806;"서울특별시";"마포구";4;"주정차";7
807;"서울특별시";"마포구";4;"주정차";17
808;"서울특별시";"마포구";4;"주정차";10
809;"서울특별시";"마포구";4;"주정차";10
810;"서울특별시";"마포구";4;"주정차";15
811;"서울특별시";"마포구";4;"주정차";10
812;"서울특별시";"마포구";4;"주정차";10
813;"서울특별시";"마포구";4;"주정차";10
814;"서울특별시";"마포구";4;"주정차";5
815;"서울특별시";"마포구";4;"주정차";4
816;"서울특별시";"마포구";4;"주정차";4
817;"서울특별시";"마포구";4;"주정차";8
818;"서울특별시";"마포구";4;"주정차";15
819;"서울특별시";"마포구";4;"주정차";10
820;"서울특별시";"마포구";4;"주정차";18
821;"서울특별시";"마포구";4;"주정차";7
822;"서울특별시";"마포구";4;"주정차";17
823;"서울특별시";"마포구";4;"주정차";5
824;"서울특별시";"마포구";4;"주정차";18
825;"서울특별시";"마포구";4;"주정차";5
826;"서울특별시";"마포구";4;"주정차";5
827;"서울특별시";"마포구";4;"주정차";17
828;"서울특별시";"마포구";4;"주정차";14
829;"서울특별시";"마포구";4;"주정차";14
830;"서울특별시";"마포구";4;"주정차";5
831;"서울특별시";"마포구";4;"주정차";4
832;"서울특별시";"마포구";4;"주정차";5
833;"서울특별시";"성북구";4;"주정차";13
834;"서울특별시";"성북구";4;"주정차";18
835;"서울특별시";"성북구";4;"주정차";14
836;"서울특별시";"성북구";4;"주정차";14
837;"서울특별시";"성북구";4;"주정차";17
838;"서울특별시";"성북구";4;"주정차";17
839;"서울특별시";"성북구";4;"주정차";17
840;"서울특별시";"성북구";4;"주정차";17
841;"서울특별시";"성북구";4;"주정차";17
842;"서울특별시";"성북구";4;"주정차";18
843;"서울특별시";"성북구";4;"주정차";18
844;"서울특별시";"성북구";4;"주정차";18
845;"서울특별시";"성북구";4;"주정차";18
846;"서울특별시";"성북구";4;"주정차";18
847;"서울특별시";"성북구";4;"주정차";18
848;"서울특별시";"성북구";4;"주정차";13
849;"서울특별시";"성북구";4;"주정차";16
850;"서울특별시";"성북구";4;"주정차";16
851;"서울특별시";"성북구";4;"주정차";16
852;"서울특별시";"성북구";4;"주정차";17
853;"서울특별시";"성북구";4;"주정차";17
854;"서울특별시";"성북구";4;"주정차";17
855;"서울특별시";"성북구";4;"주정차";17
856;"서울특별시";"성북구";4;"주정차";11
857;"서울특별시";"성북구";4;"주정차";11
858;"서울특별시";"성북구";4;"주정차";11
859;"서울특별시";"성북구";4;"주정차";11
860;"서울특별시";"성북구";4;"주정차";11
861;"서울특별시";"성북구";4;"주정차";16
862;"서울특별시";"성북구";4;"주정차";11
863;"서울특별시";"성북구";4;"주정차";17
864;"서울특별시";"성북구";4;"주정차";17
865;"서울특별시";"성북구";4;"주정차";17
866;"서울특별시";"성북구";4;"주정차";17
867;"서울특별시";"성북구";4;"주정차";16
868;"서울특별시";"성북구";4;"주정차";16
869;"서울특별시";"성북구";4;"주정차";16
870;"서울특별시";"성북구";4;"주정차";16
871;"서울특별시";"성북구";4;"주정차";16
872;"서울특별시";"성북구";4;"주정차";14
873;"서울특별시";"성북구";4;"주정차";15
874;"서울특별시";"성북구";4;"주정차";15
875;"서울특별시";"성북구";4;"주정차";15
876;"서울특별시";"성북구";4;"주정차";15
877;"서울특별시";"성북구";4;"주정차";17
878;"서울특별시";"성북구";4;"주정차";17
879;"서울특별시";"성북구";4;"주정차";17
880;"서울특별시";"성북구";4;"주정차";16
881;"서울특별시";"성북구";4;"주정차";17
882;"서울특별시";"성북구";4;"주정차";17
883;"서울특별시";"성북구";4;"주정차";15
884;"서울특별시";"성북구";4;"주정차";15
885;"서울특별시";"성북구";4;"주정차";16
886;"서울특별시";"성북구";4;"주정차";15
887;"서울특별시";"성북구";4;"주정차";17
888;"서울특별시";"성북구";4;"주정차";15
889;"서울특별시";"마포구";4;"주정차";10
890;"서울특별시";"마포구";4;"주정차";18
891;"서울특별시";"마포구";4;"주정차";8
892;"서울특별시";"마포구";4;"주정차";8
893;"서울특별시";"마포구";4;"주정차";7
894;"서울특별시";"마포구";4;"주정차";7
895;"서울특별시";"마포구";4;"주정차";7
896;"서울특별시";"마포구";4;"주정차";15
897;"서울특별시";"마포구";4;"주정차";7
898;"서울특별시";"마포구";4;"주정차";13
899;"서울특별시";"마포구";4;"주정차";18
900;"서울특별시";"마포구";4;"주정차";18
901;"서울특별시";"마포구";4;"주정차";13
902;"서울특별시";"마포구";4;"주정차";12
903;"서울특별시";"마포구";4;"주정차";8
904;"서울특별시";"마포구";4;"주정차";5
905;"서울특별시";"마포구";4;"주정차";5
906;"서울특별시";"마포구";4;"주정차";16
907;"서울특별시";"마포구";4;"주정차";18
908;"서울특별시";"마포구";4;"주정차";18
909;"서울특별시";"마포구";4;"주정차";15
910;"서울특별시";"마포구";4;"주정차";17
911;"서울특별시";"마포구";4;"주정차";10
912;"서울특별시";"마포구";4;"주정차";10
913;"서울특별시";"마포구";4;"주정차";13
914;"서울특별시";"마포구";4;"주정차";14
915;"서울특별시";"마포구";4;"주정차";10
916;"서울특별시";"마포구";4;"주정차";10
917;"서울특별시";"마포구";4;"주정차";10
918;"서울특별시";"마포구";4;"주정차";7
919;"서울특별시";"동대문구";4;"주정차";21
920;"서울특별시";"마포구";4;"주정차";18
921;"서울특별시";"마포구";4;"주정차";11
922;"서울특별시";"마포구";4;"주정차";5
923;"서울특별시";"마포구";4;"주정차";12
924;"서울특별시";"마포구";4;"주정차";11
925;"서울특별시";"마포구";4;"주정차";5
926;"서울특별시";"마포구";4;"주정차";15
927;"서울특별시";"마포구";4;"주정차";11
928;"서울특별시";"마포구";4;"주정차";10
929;"서울특별시";"서초구";2;"신호";11
930;"서울특별시";"서초구";2;"신호";11
931;"서울특별시";"서초구";1;"과속";11
932;"서울특별시";"서초구";2;"신호";11
933;"서울특별시";"송파구";2;"신호";11
934;"서울특별시";"강남구";2;"신호";11
935;"서울특별시";"강남구";2;"신호";11
936;"서울특별시";"강남구";2;"신호";11
937;"서울특별시";"노원구";2;"신호";11
938;"서울특별시";"서초구";2;"신호";11
939;"서울특별시";"관악구";2;"신호";11
940;"서울특별시";"관악구";2;"신호";11
941;"서울특별시";"관악구";2;"신호";11
942;"서울특별시";"양천구";2;"신호";11
943;"서울특별시";"양천구";2;"신호";11
944;"서울특별시";"성북구";2;"신호";11
945;"서울특별시";"광진구";2;"신호";11
946;"서울특별시";"용산구";2;"신호";11
947;"서울특별시";"동대문구";2;"신호";11
948;"서울특별시";"노원구";2;"신호";11
949;"서울특별시";"구로구";2;"신호";11
950;"서울특별시";"강북구";2;"신호";11
951;"서울특별시";"성북구";2;"신호";11
952;"서울특별시";"양천구";2;"신호";11
953;"서울특별시";"강동구";1;"과속";11
954;"서울특별시";"강동구";1;"과속";11
955;"서울특별시";"동작구";1;"과속";11
956;"서울특별시";"영등포구";1;"과속";11
957;"서울특별시";"강남구";2;"신호";10
958;"서울특별시";"강동구";2;"신호";10
959;"서울특별시";"송파구";2;"신호";10
960;"서울특별시";"송파구";2;"신호";10
961;"서울특별시";"송파구";2;"신호";10
962;"서울특별시";"강동구";2;"신호";10
963;"서울특별시";"광진구";2;"신호";10
964;"서울특별시";"성동구";2;"신호";10
965;"서울특별시";"성동구";2;"신호";10
966;"서울특별시";"은평구";2;"신호";10
967;"서울특별시";"동대문구";2;"신호";10
968;"서울특별시";"동대문구";2;"신호";10
969;"서울특별시";"강북구";2;"신호";10
970;"서울특별시";"강북구";2;"신호";10
971;"서울특별시";"강북구";2;"신호";10
972;"서울특별시";"노원구";2;"신호";10
973;"서울특별시";"노원구";2;"신호";10
974;"서울특별시";"도봉구";2;"신호";10
975;"서울특별시";"도봉구";2;"신호";10
976;"서울특별시";"도봉구";2;"신호";10
977;"서울특별시";"성북구";2;"신호";10
978;"서울특별시";"성북구";2;"신호";10
979;"서울특별시";"관악구";2;"신호";10
980;"서울특별시";"성북구";2;"신호";10
981;"서울특별시";"성북구";2;"신호";10
982;"서울특별시";"양천구";2;"신호";10
983;"서울특별시";"성북구";2;"신호";10
984;"서울특별시";"중랑구";2;"신호";10
985;"서울특별시";"노원구";2;"신호";10
986;"서울특별시";"마포구";4;"주정차";16
987;"서울특별시";"마포구";4;"주정차";7
988;"서울특별시";"마포구";4;"주정차";10
989;"서울특별시";"마포구";4;"주정차";16
990;"서울특별시";"마포구";4;"주정차";18
991;"서울특별시";"마포구";4;"주정차";10
992;"서울특별시";"마포구";4;"주정차";5
993;"서울특별시";"마포구";4;"주정차";17
994;"서울특별시";"마포구";4;"주정차";18
995;"서울특별시";"마포구";4;"주정차";5
996;"서울특별시";"마포구";4;"주정차";8
997;"서울특별시";"마포구";4;"주정차";7
998;"서울특별시";"마포구";4;"주정차";8
999;"서울특별시";"마포구";4;"주정차";18
1000;"서울특별시";"마포구";4;"주정차";5
1001;"서울특별시";"마포구";4;"주정차";10
1002;"서울특별시";"마포구";4;"주정차";16
1003;"서울특별시";"마포구";4;"주정차";5
1004;"서울특별시";"마포구";4;"주정차";5
1005;"서울특별시";"마포구";4;"주정차";5
1006;"서울특별시";"마포구";4;"주정차";10
1007;"서울특별시";"마포구";4;"주정차";5
1008;"서울특별시";"마포구";4;"주정차";18
1009;"서울특별시";"강서구";1;"과속";14
1010;"서울특별시";"성북구";1;"과속";14
1011;"서울특별시";"성북구";1;"과속";14
1012;"서울특별시";"강남구";2;"신호";10
1013;"서울특별시";"강남구";2;"신호";10
1014;"서울특별시";"강남구";2;"신호";10
1015;"서울특별시";"강남구";2;"신호";10
1016;"서울특별시";"강남구";2;"신호";10
1017;"서울특별시";"동대문구";4;"주정차";6
1018;"서울특별시";"동대문구";4;"주정차";17
1019;"서울특별시";"동대문구";4;"주정차";7
1020;"서울특별시";"동대문구";4;"주정차";11
1021;"서울특별시";"동대문구";4;"주정차";12
1022;"서울특별시";"동대문구";4;"주정차";17
1023;"서울특별시";"동대문구";4;"주정차";21
1024;"서울특별시";"동대문구";4;"주정차";21
1025;"서울특별시";"동대문구";4;"주정차";21
1026;"서울특별시";"동대문구";4;"주정차";21
1027;"서울특별시";"동대문구";4;"주정차";21
1028;"서울특별시";"동대문구";4;"주정차";21
1029;"서울특별시";"동대문구";4;"주정차";21
1030;"서울특별시";"동대문구";4;"주정차";4
1031;"서울특별시";"동대문구";4;"주정차";4
1032;"서울특별시";"동대문구";4;"주정차";5
1033;"서울특별시";"동대문구";4;"주정차";5
1034;"서울특별시";"동대문구";4;"주정차";5
1035;"서울특별시";"동대문구";4;"주정차";5
1036;"서울특별시";"동대문구";4;"주정차";5
1037;"서울특별시";"동대문구";4;"주정차";5
1038;"서울특별시";"동대문구";4;"주정차";5
1039;"서울특별시";"동대문구";4;"주정차";5
1040;"서울특별시";"동대문구";4;"주정차";6
1041;"서울특별시";"동대문구";4;"주정차";7
1042;"서울특별시";"동대문구";4;"주정차";8
1043;"서울특별시";"동대문구";4;"주정차";8
1044;"서울특별시";"동대문구";4;"주정차";9
1045;"서울특별시";"동대문구";4;"주정차";9
1046;"서울특별시";"동대문구";4;"주정차";9
1047;"서울특별시";"동대문구";4;"주정차";9
1048;"서울특별시";"동대문구";4;"주정차";9
1049;"서울특별시";"동대문구";4;"주정차";9
1050;"서울특별시";"동대문구";4;"주정차";9
1051;"서울특별시";"동대문구";4;"주정차";9
1052;"서울특별시";"동대문구";4;"주정차";9
1053;"서울특별시";"동대문구";4;"주정차";9
1054;"서울특별시";"동대문구";4;"주정차";10
1055;"서울특별시";"동대문구";4;"주정차";10
1056;"서울특별시";"동대문구";4;"주정차";10
1057;"서울특별시";"동대문구";4;"주정차";10
1058;"서울특별시";"동대문구";4;"주정차";10
1059;"서울특별시";"동대문구";4;"주정차";10
1060;"서울특별시";"동대문구";4;"주정차";10
1061;"서울특별시";"동대문구";4;"주정차";10
1062;"서울특별시";"동대문구";4;"주정차";10
1063;"서울특별시";"동대문구";4;"주정차";10
1064;"서울특별시";"동대문구";4;"주정차";12
1065;"서울특별시";"동대문구";4;"주정차";14
1066;"서울특별시";"동대문구";4;"주정차";14
1067;"서울특별시";"동대문구";4;"주정차";14
1068;"서울특별시";"동대문구";4;"주정차";13
1069;"서울특별시";"동대문구";4;"주정차";13
1070;"서울특별시";"동대문구";4;"주정차";13
1071;"서울특별시";"동대문구";4;"주정차";13
1072;"서울특별시";"동대문구";4;"주정차";13
1073;"서울특별시";"동대문구";4;"주정차";13
1074;"서울특별시";"동대문구";4;"주정차";13
1075;"서울특별시";"동대문구";4;"주정차";17
1076;"서울특별시";"동대문구";4;"주정차";17
1077;"서울특별시";"동대문구";4;"주정차";17
1078;"서울특별시";"동대문구";4;"주정차";17
1079;"서울특별시";"동대문구";4;"주정차";17
1080;"서울특별시";"동대문구";4;"주정차";17
1081;"서울특별시";"동대문구";4;"주정차";17
1082;"서울특별시";"동대문구";4;"주정차";17
1083;"서울특별시";"동대문구";4;"주정차";17
1084;"서울특별시";"동대문구";4;"주정차";18
1085;"서울특별시";"동대문구";4;"주정차";19
1086;"서울특별시";"동대문구";4;"주정차";19
1087;"서울특별시";"동대문구";4;"주정차";19
1088;"서울특별시";"동대문구";4;"주정차";19
1089;"서울특별시";"동대문구";4;"주정차";20
1090;"서울특별시";"동대문구";4;"주정차";20
1091;"서울특별시";"강북구";2;"신호";16
1092;"서울특별시";"광진구";4;"주정차";20
1093;"서울특별시";"광진구";4;"주정차";20
1094;"서울특별시";"광진구";4;"주정차";20
1095;"서울특별시";"광진구";4;"주정차";20
1096;"서울특별시";"광진구";4;"주정차";21
1097;"서울특별시";"광진구";4;"주정차";21
1098;"서울특별시";"금천구";1;"과속";14
1099;"서울특별시";"광진구";4;"주정차";13
1100;"서울특별시";"광진구";4;"주정차";16
1101;"서울특별시";"광진구";4;"주정차";18
1102;"서울특별시";"광진구";4;"주정차";18
1103;"서울특별시";"광진구";4;"주정차";19
1104;"서울특별시";"광진구";4;"주정차";19
1105;"서울특별시";"광진구";4;"주정차";19
1106;"서울특별시";"광진구";4;"주정차";10
1107;"서울특별시";"광진구";4;"주정차";10
1108;"서울특별시";"광진구";4;"주정차";10
1109;"서울특별시";"광진구";4;"주정차";10
1110;"서울특별시";"광진구";4;"주정차";10
1111;"서울특별시";"광진구";4;"주정차";10
1112;"서울특별시";"광진구";4;"주정차";11
1113;"서울특별시";"광진구";4;"주정차";11
1114;"서울특별시";"광진구";4;"주정차";6
1115;"서울특별시";"광진구";4;"주정차";6
1116;"서울특별시";"광진구";4;"주정차";6
1117;"서울특별시";"강동구";1;"과속";14
1118;"서울특별시";"광진구";4;"주정차";7
1119;"서울특별시";"광진구";4;"주정차";7
1120;"서울특별시";"광진구";4;"주정차";7
1121;"서울특별시";"광진구";4;"주정차";7
1122;"서울특별시";"광진구";4;"주정차";7
1123;"서울특별시";"광진구";4;"주정차";7
1124;"서울특별시";"광진구";4;"주정차";7
1125;"서울특별시";"광진구";4;"주정차";7
1126;"서울특별시";"광진구";4;"주정차";7
1127;"서울특별시";"광진구";4;"주정차";7
1128;"서울특별시";"광진구";4;"주정차";7
1129;"서울특별시";"광진구";4;"주정차";10
1130;"서울특별시";"광진구";4;"주정차";7
1131;"서울특별시";"광진구";4;"주정차";7
1132;"서울특별시";"광진구";4;"주정차";7
1133;"서울특별시";"광진구";4;"주정차";7
1134;"서울특별시";"광진구";4;"주정차";7
1135;"서울특별시";"광진구";4;"주정차";7
1136;"서울특별시";"광진구";4;"주정차";7
1137;"서울특별시";"광진구";4;"주정차";7
1138;"서울특별시";"광진구";4;"주정차";7
1139;"서울특별시";"중구";1;"과속";20
1140;"서울특별시";"중구";1;"과속";20
1141;"서울특별시";"용산구";1;"과속";20
1142;"서울특별시";"금천구";2;"신호";19
1143;"서울특별시";"구로구";2;"신호";19
1144;"서울특별시";"성북구";2;"신호";19
1145;"서울특별시";"성북구";2;"신호";19
1146;"서울특별시";"성북구";1;"과속";20
1147;"서울특별시";"성북구";1;"과속";20
1148;"서울특별시";"서대문구";1;"과속";20
1149;"서울특별시";"서초구";2;"신호";19
1150;"서울특별시";"서대문구";1;"과속";20
1151;"서울특별시";"마포구";2;"신호";20
1152;"서울특별시";"마포구";2;"신호";20
1153;"서울특별시";"용산구";1;"과속";20
1154;"서울특별시";"성북구";1;"과속";20
1155;"서울특별시";"성북구";1;"과속";20
1156;"서울특별시";"성북구";1;"과속";20
1157;"서울특별시";"성북구";1;"과속";20
1158;"서울특별시";"성북구";1;"과속";20
1159;"서울특별시";"성북구";1;"과속";20
1160;"서울특별시";"송파구";2;"신호";19
1161;"서울특별시";"서초구";2;"신호";19
1162;"서울특별시";"서초구";2;"신호";19
1163;"서울특별시";"서초구";2;"신호";19
1164;"서울특별시";"강서구";2;"신호";19
1165;"서울특별시";"강서구";2;"신호";19
1166;"서울특별시";"강남구";1;"과속";19
1167;"서울특별시";"서초구";2;"신호";19
1168;"서울특별시";"서초구";2;"신호";19
1169;"서울특별시";"서초구";2;"신호";19
1170;"서울특별시";"서초구";2;"신호";19
1171;"서울특별시";"서대문구";1;"과속";20
1172;"서울특별시";"서대문구";1;"과속";20
1173;"서울특별시";"성북구";1;"과속";20
1174;"서울특별시";"성북구";1;"과속";20
1175;"서울특별시";"마포구";2;"신호";10
1176;"서울특별시";"은평구";2;"신호";10
1177;"서울특별시";"은평구";2;"신호";10
1178;"서울특별시";"은평구";2;"신호";10
1179;"서울특별시";"종로구";2;"신호";10
1180;"서울특별시";"종로구";2;"신호";10
1181;"서울특별시";"용산구";2;"신호";10
1182;"서울특별시";"용산구";2;"신호";10
1183;"서울특별시";"용산구";2;"신호";10
1184;"서울특별시";"용산구";2;"신호";10
1185;"서울특별시";"용산구";2;"신호";10
1186;"서울특별시";"용산구";2;"신호";10
1187;"서울특별시";"중구";2;"신호";10
1188;"서울특별시";"서초구";2;"신호";10
1189;"서울특별시";"서초구";2;"신호";10
1190;"서울특별시";"서초구";2;"신호";10
1191;"서울특별시";"서초구";2;"신호";10
1192;"서울특별시";"서초구";2;"신호";10
1193;"서울특별시";"영등포구";2;"신호";10
1194;"서울특별시";"종로구";1;"과속";13
1195;"서울특별시";"광진구";1;"과속";13
1196;"서울특별시";"금천구";1;"과속";13
1197;"서울특별시";"종로구";1;"과속";13
1198;"서울특별시";"영등포구";1;"과속";13
1199;"서울특별시";"은평구";2;"신호";13
1200;"서울특별시";"동대문구";2;"신호";13
1201;"서울특별시";"영등포구";2;"신호";13
1202;"서울특별시";"서대문구";2;"신호";13
1203;"서울특별시";"양천구";2;"신호";13
1204;"서울특별시";"영등포구";2;"신호";13
1205;"서울특별시";"금천구";2;"신호";13
1206;"서울특별시";"서대문구";2;"신호";13
1207;"서울특별시";"용산구";2;"신호";13
1208;"서울특별시";"중구";2;"신호";13
1209;"서울특별시";"성북구";2;"신호";13
1210;"서울특별시";"은평구";2;"신호";13
1211;"서울특별시";"서초구";2;"신호";14
1212;"서울특별시";"서초구";2;"신호";14
1213;"서울특별시";"서초구";2;"신호";14
1214;"서울특별시";"서초구";2;"신호";14
1215;"서울특별시";"광진구";2;"신호";14
1216;"서울특별시";"성북구";2;"신호";14
1217;"서울특별시";"구로구";2;"신호";14
1218;"서울특별시";"서초구";2;"신호";12
1219;"서울특별시";"서초구";2;"신호";12
1220;"서울특별시";"강남구";1;"과속";12
1221;"서울특별시";"강남구";2;"신호";12
1222;"서울특별시";"강남구";2;"신호";12
1223;"서울특별시";"은평구";2;"신호";12
1224;"서울특별시";"강남구";2;"신호";13
1225;"서울특별시";"중랑구";2;"신호";13
1226;"서울특별시";"강북구";2;"신호";13
1227;"서울특별시";"용산구";2;"신호";13
1228;"서울특별시";"금천구";2;"신호";13
1229;"서울특별시";"동대문구";2;"신호";13
1230;"서울특별시";"강서구";2;"신호";13
1231;"서울특별시";"동작구";2;"신호";13
1232;"서울특별시";"도봉구";1;"과속";13
1233;"서울특별시";"은평구";2;"신호";13
1234;"서울특별시";"성동구";1;"과속";13
1235;"서울특별시";"중구";2;"신호";13
1236;"서울특별시";"동대문구";2;"신호";13
1237;"서울특별시";"성동구";2;"신호";13
1238;"서울특별시";"강남구";2;"신호";13
1239;"서울특별시";"서초구";2;"신호";13
1240;"서울특별시";"서초구";2;"신호";13
1241;"서울특별시";"강북구";1;"과속";13
1242;"서울특별시";"동작구";1;"과속";13
1243;"서울특별시";"강남구";1;"과속";13
1244;"서울특별시";"동대문구";1;"과속";13
1245;"서울특별시";"광진구";1;"과속";13
1246;"서울특별시";"성동구";1;"과속";11
1247;"서울특별시";"성동구";1;"과속";11
1248;"서울특별시";"동대문구";1;"과속";11
1249;"서울특별시";"중랑구";1;"과속";11
1250;"서울특별시";"성북구";1;"과속";11
1251;"서울특별시";"성북구";1;"과속";11
1252;"서울특별시";"강동구";1;"과속";11
1253;"서울특별시";"서초구";2;"신호";12
1254;"서울특별시";"금천구";2;"신호";10
1255;"서울특별시";"영등포구";2;"신호";10
1256;"서울특별시";"영등포구";2;"신호";10
1257;"서울특별시";"양천구";2;"신호";10
1258;"서울특별시";"동작구";2;"신호";10
1259;"서울특별시";"동작구";2;"신호";10
1260;"서울특별시";"동작구";2;"신호";10
1261;"서울특별시";"동작구";2;"신호";10
1262;"서울특별시";"관악구";2;"신호";10
1263;"서울특별시";"동작구";2;"신호";10
1264;"서울특별시";"관악구";2;"신호";10
1265;"서울특별시";"관악구";2;"신호";10
1266;"서울특별시";"관악구";2;"신호";10
1267;"서울특별시";"관악구";2;"신호";10
1268;"서울특별시";"마포구";2;"신호";10
1269;"서울특별시";"마포구";2;"신호";10
1270;"서울특별시";"마포구";2;"신호";10
1271;"서울특별시";"마포구";2;"신호";10
1272;"서울특별시";"마포구";2;"신호";10
1273;"서울특별시";"마포구";2;"신호";10
1274;"서울특별시";"마포구";2;"신호";10
1275;"서울특별시";"마포구";2;"신호";10
1276;"서울특별시";"서대문구";2;"신호";10
1277;"서울특별시";"서대문구";2;"신호";10
1278;"서울특별시";"서대문구";2;"신호";10
1279;"서울특별시";"서대문구";2;"신호";10
1280;"서울특별시";"서대문구";2;"신호";10
1281;"서울특별시";"영등포구";2;"신호";10
1282;"서울특별시";"은평구";2;"신호";10
1283;"서울특별시";"동작구";2;"신호";10
1284;"서울특별시";"종로구";2;"신호";10
1285;"서울특별시";"중구";2;"신호";10
1286;"서울특별시";"동대문구";2;"신호";10
1287;"서울특별시";"성북구";2;"신호";10
1288;"서울특별시";"강북구";2;"신호";10
1289;"서울특별시";"광진구";2;"신호";10
1290;"서울특별시";"종로구";2;"신호";10
1291;"서울특별시";"관악구";2;"신호";10
1292;"서울특별시";"중구";2;"신호";10
1293;"서울특별시";"마포구";2;"신호";10
1294;"서울특별시";"영등포구";2;"신호";10
1295;"서울특별시";"구로구";2;"신호";10
1296;"서울특별시";"구로구";2;"신호";10
1297;"서울특별시";"서초구";2;"신호";10
1298;"서울특별시";"서대문구";2;"신호";10
1299;"서울특별시";"양천구";2;"신호";10
1300;"서울특별시";"강서구";2;"신호";10
1301;"서울특별시";"강서구";2;"신호";10
1302;"서울특별시";"강서구";2;"신호";10
1303;"서울특별시";"양천구";2;"신호";10
1304;"서울특별시";"양천구";2;"신호";10
1305;"서울특별시";"양천구";2;"신호";10
1306;"서울특별시";"양천구";2;"신호";10
1307;"서울특별시";"양천구";2;"신호";10
1308;"서울특별시";"구로구";2;"신호";10
1309;"서울특별시";"구로구";2;"신호";10
1310;"서울특별시";"구로구";2;"신호";10
1311;"서울특별시";"강남구";2;"신호";9
1312;"서울특별시";"강남구";1;"과속";9
1313;"서울특별시";"동대문구";1;"과속";9
1314;"서울특별시";"송파구";1;"과속";9
1315;"서울특별시";"강남구";1;"과속";9
1316;"서울특별시";"서초구";1;"과속";9
1317;"서울특별시";"송파구";1;"과속";9
1318;"서울특별시";"종로구";1;"과속";9
1319;"서울특별시";"동작구";1;"과속";9
1320;"서울특별시";"동작구";1;"과속";9
1321;"서울특별시";"서초구";1;"과속";9
1322;"서울특별시";"중랑구";1;"과속";9
1323;"서울특별시";"성북구";1;"과속";9
1324;"서울특별시";"구로구";1;"과속";9
1325;"서울특별시";"강남구";1;"과속";9
1326;"서울특별시";"동작구";1;"과속";9
1327;"서울특별시";"성북구";1;"과속";9
1328;"서울특별시";"은평구";1;"과속";9
1329;"서울특별시";"중구";1;"과속";9
1330;"서울특별시";"강남구";2;"신호";10
1331;"서울특별시";"강남구";2;"신호";10
1332;"서울특별시";"서초구";1;"과속";10
1333;"서울특별시";"마포구";1;"과속";10
1334;"서울특별시";"영등포구";1;"과속";10
1335;"서울특별시";"강남구";2;"신호";10
1336;"서울특별시";"강남구";2;"신호";10
1337;"서울특별시";"강남구";2;"신호";10
1338;"서울특별시";"동작구";2;"신호";10
1339;"서울특별시";"영등포구";2;"신호";9
1340;"서울특별시";"구로구";2;"신호";9
1341;"서울특별시";"성북구";2;"신호";9
1342;"서울특별시";"동대문구";2;"신호";9
1343;"서울특별시";"강동구";2;"신호";9
1344;"서울특별시";"강남구";2;"신호";9
1345;"서울특별시";"성북구";2;"신호";9
1346;"서울특별시";"노원구";2;"신호";9
1347;"서울특별시";"서대문구";1;"과속";9
1348;"서울특별시";"용산구";1;"과속";9
1349;"서울특별시";"영등포구";2;"신호";9
1350;"서울특별시";"영등포구";2;"신호";9
1351;"서울특별시";"영등포구";2;"신호";9
1352;"서울특별시";"강서구";2;"신호";9
1353;"서울특별시";"양천구";2;"신호";9
1354;"서울특별시";"금천구";2;"신호";9
1355;"서울특별시";"용산구";2;"신호";9
1356;"서울특별시";"용산구";2;"신호";9
1357;"서울특별시";"은평구";2;"신호";9
1358;"서울특별시";"강동구";2;"신호";9
1359;"서울특별시";"중구";2;"신호";9
1360;"서울특별시";"중구";2;"신호";9
1361;"서울특별시";"종로구";2;"신호";9
1362;"서울특별시";"양천구";2;"신호";9
1363;"서울특별시";"동작구";2;"신호";9
1364;"서울특별시";"강남구";2;"신호";9
1365;"서울특별시";"중랑구";2;"신호";9
1366;"서울특별시";"동작구";2;"신호";9
1367;"서울특별시";"강동구";2;"신호";9
1368;"서울특별시";"용산구";2;"신호";8
1369;"서울특별시";"도봉구";2;"신호";8
1370;"서울특별시";"양천구";2;"신호";8
1371;"서울특별시";"강동구";2;"신호";8
1372;"서울특별시";"종로구";2;"신호";8
1373;"서울특별시";"노원구";1;"과속";8
1374;"서울특별시";"마포구";1;"과속";8
1375;"서울특별시";"영등포구";1;"과속";8
1376;"서울특별시";"마포구";1;"과속";8
1377;"서울특별시";"광진구";1;"과속";8
1378;"서울특별시";"영등포구";1;"과속";8
1379;"서울특별시";"강동구";1;"과속";8
1380;"서울특별시";"송파구";1;"과속";8
1381;"서울특별시";"종로구";1;"과속";8
1382;"서울특별시";"중랑구";1;"과속";8
1383;"서울특별시";"종로구";1;"과속";8
1384;"서울특별시";"용산구";1;"과속";8
1385;"서울특별시";"강남구";1;"과속";8
1386;"서울특별시";"양천구";1;"과속";8
1387;"서울특별시";"도봉구";1;"과속";8
1388;"서울특별시";"도봉구";1;"과속";8
1389;"서울특별시";"마포구";1;"과속";8
1390;"서울특별시";"마포구";1;"과속";8
1391;"서울특별시";"구로구";1;"과속";8
1392;"서울특별시";"강남구";1;"과속";8
1393;"서울특별시";"금천구";1;"과속";8
1394;"서울특별시";"강남구";1;"과속";8
1395;"서울특별시";"서초구";1;"과속";8
1396;"서울특별시";"강남구";2;"신호";19
1397;"서울특별시";"동작구";2;"신호";19
1398;"서울특별시";"동대문구";2;"신호";19
1399;"서울특별시";"관악구";2;"신호";19
1400;"서울특별시";"양천구";2;"신호";19
1401;"서울특별시";"관악구";2;"신호";19
1402;"서울특별시";"노원구";2;"신호";19
1403;"서울특별시";"성북구";2;"신호";19
1404;"서울특별시";"강북구";2;"신호";19
1405;"서울특별시";"도봉구";2;"신호";19
1406;"서울특별시";"광진구";2;"신호";19
1407;"서울특별시";"서초구";2;"신호";19
1408;"서울특별시";"동작구";2;"신호";19
1409;"서울특별시";"양천구";2;"신호";19
1410;"서울특별시";"마포구";2;"신호";19
1411;"서울특별시";"마포구";1;"과속";19
1412;"서울특별시";"강서구";2;"신호";19
1413;"서울특별시";"강서구";2;"신호";19
1414;"서울특별시";"강서구";1;"과속";19
1415;"서울특별시";"송파구";2;"신호";19
1416;"서울특별시";"강동구";2;"신호";19
1417;"서울특별시";"은평구";2;"신호";19
1418;"서울특별시";"은평구";2;"신호";19
1419;"서울특별시";"은평구";2;"신호";19
1420;"서울특별시";"은평구";2;"신호";19
1421;"서울특별시";"동작구";2;"신호";19
1422;"서울특별시";"송파구";2;"신호";19
1423;"서울특별시";"송파구";2;"신호";19
1424;"서울특별시";"송파구";2;"신호";19
1425;"서울특별시";"광진구";2;"신호";18
1426;"서울특별시";"은평구";2;"신호";18
1427;"서울특별시";"성동구";2;"신호";18
1428;"서울특별시";"중구";2;"신호";18
1429;"서울특별시";"중구";2;"신호";18
1430;"서울특별시";"관악구";2;"신호";20
1431;"서울특별시";"관악구";2;"신호";20
1432;"서울특별시";"관악구";2;"신호";20
1433;"서울특별시";"성동구";2;"신호";18
1434;"서울특별시";"마포구";2;"신호";19
1435;"서울특별시";"송파구";2;"신호";19
1436;"서울특별시";"송파구";2;"신호";19
1437;"서울특별시";"강동구";1;"과속";19
1438;"서울특별시";"용산구";1;"과속";19
1439;"서울특별시";"동대문구";1;"과속";19
1440;"서울특별시";"강서구";1;"과속";19
1441;"서울특별시";"양천구";1;"과속";19
1442;"서울특별시";"마포구";2;"신호";19
1443;"서울특별시";"강남구";2;"신호";19
1444;"서울특별시";"성동구";2;"신호";19
1445;"서울특별시";"영등포구";2;"신호";19
1446;"서울특별시";"송파구";2;"신호";19
1447;"서울특별시";"동대문구";2;"신호";19
1448;"서울특별시";"은평구";2;"신호";19
1449;"서울특별시";"동대문구";2;"신호";19
1450;"서울특별시";"영등포구";2;"신호";19
1451;"서울특별시";"구로구";2;"신호";19
1452;"서울특별시";"성북구";2;"신호";19
1453;"서울특별시";"마포구";2;"신호";19
1454;"서울특별시";"성동구";2;"신호";17
1455;"서울특별시";"중랑구";2;"신호";17
1456;"서울특별시";"중랑구";2;"신호";17
1457;"서울특별시";"관악구";2;"신호";17
1458;"서울특별시";"서초구";2;"신호";17
1459;"서울특별시";"노원구";2;"신호";17
1460;"서울특별시";"강남구";1;"과속";17
1461;"서울특별시";"영등포구";1;"과속";17
1462;"서울특별시";"용산구";1;"과속";17
1463;"서울특별시";"동대문구";1;"과속";17
1464;"서울특별시";"강서구";1;"과속";17
1465;"서울특별시";"강동구";1;"과속";17
1466;"서울특별시";"영등포구";1;"과속";17
1467;"서울특별시";"도봉구";1;"과속";17
1468;"서울특별시";"도봉구";1;"과속";17
1469;"서울특별시";"성북구";2;"신호";18
1470;"서울특별시";"관악구";2;"신호";18
1471;"서울특별시";"강동구";2;"신호";18
1472;"서울특별시";"강동구";2;"신호";18
1473;"서울특별시";"강동구";2;"신호";18
1474;"서울특별시";"노원구";2;"신호";18
1475;"서울특별시";"서초구";2;"신호";18
1476;"서울특별시";"서초구";2;"신호";18
1477;"서울특별시";"서초구";2;"신호";18
1478;"서울특별시";"노원구";2;"신호";18
1479;"서울특별시";"서초구";2;"신호";19
1480;"서울특별시";"영등포구";2;"신호";18
1481;"서울특별시";"광진구";2;"신호";18
1482;"서울특별시";"강남구";1;"과속";16
1483;"서울특별시";"구로구";1;"과속";18
1484;"서울특별시";"종로구";2;"신호";17
1485;"서울특별시";"서대문구";2;"신호";17
1486;"서울특별시";"송파구";2;"신호";18
1487;"서울특별시";"송파구";2;"신호";18
1488;"서울특별시";"송파구";2;"신호";18
1489;"서울특별시";"송파구";2;"신호";18
1490;"서울특별시";"송파구";2;"신호";18
1491;"서울특별시";"송파구";2;"신호";18
1492;"서울특별시";"금천구";2;"신호";18
1493;"서울특별시";"금천구";2;"신호";18
1494;"서울특별시";"서초구";2;"신호";17
1495;"서울특별시";"서초구";2;"신호";17
1496;"서울특별시";"영등포구";2;"신호";17
1497;"서울특별시";"관악구";2;"신호";17
1498;"서울특별시";"관악구";2;"신호";17
1499;"서울특별시";"관악구";2;"신호";17
1500;"서울특별시";"송파구";1;"과속";18
1501;"서울특별시";"송파구";1;"과속";18
1502;"서울특별시";"송파구";1;"과속";18
1503;"서울특별시";"송파구";1;"과속";18
1504;"서울특별시";"서대문구";2;"신호";17
1505;"서울특별시";"강동구";2;"신호";18
1506;"서울특별시";"종로구";2;"신호";17
1507;"서울특별시";"성북구";2;"신호";17
1508;"서울특별시";"용산구";2;"신호";16
1509;"서울특별시";"은평구";2;"신호";16
1510;"서울특별시";"은평구";2;"신호";16
1511;"서울특별시";"중랑구";2;"신호";16
1512;"서울특별시";"강남구";1;"과속";16
1513;"서울특별시";"영등포구";2;"신호";16
1514;"서울특별시";"용산구";1;"과속";16
1515;"서울특별시";"노원구";1;"과속";16
1516;"서울특별시";"송파구";2;"신호";16
1517;"서울특별시";"광진구";2;"신호";16
1518;"서울특별시";"중구";1;"과속";16
1519;"서울특별시";"구로구";1;"과속";16
1520;"서울특별시";"서초구";2;"신호";16
1521;"서울특별시";"강남구";2;"신호";16
1522;"서울특별시";"강남구";2;"신호";16
1523;"서울특별시";"강남구";2;"신호";16
