자치구명,도로명주소,시설명,시설종류,지정년도
종로구,경운동,교동,초등학교,2006
종로구,무악동,독립문,초등학교,2005
종로구,필운동,매동,초등학교,2005
종로구,창신3동,명신,초등학교,1995
종로구,홍지동,상명대부속,초등학교,2006
종로구,동숭동,서울사대부속,초등학교,1995
종로구,신영동,세검정,초등학교,2006
종로구,가회동,재동,초등학교,2005
종로구,창신1동,창신,초등학교,1995
종로구,청운동,청운,초등학교,2005
종로구,운니동,운현,초등학교,2006
종로구,혜화동,혜화,초등학교,1995
종로구,효제동,효제,초등학교,1995
종로구,종로6가,봄샘,유치원,2009
종로구,홍지동,세검정,유치원,2010
종로구,필운동,세종,유치원,2009
종로구,옥인동,옥인,유치원,2007
종로구,숭인1동,청룡,유치원,1995
종로구,운니동,운현,유치원,2006
종로구,혜화동,한아름,유치원,2013
종로구,혜화동,혜화,유치원,1997
종로구,홍지동,상명대부속,유치원,2010
종로구,누하동,배화여대부속,유치원,2005
종로구,창신3동,명신병설,병설유치원,2010
종로구,창신1동,창신병설,병설유치원,1995
종로구,가회동,재동병설,병설유치원,2005
종로구,혜화동,혜화병설,병설유치원,1995
종로구,신교동,서울선희학교(농학교),특수학교,1997
종로구,사직동,수도사랑의학교,특수학교,2006
종로구,신교동,서울맹학교,특수학교,1997
종로구,교남동,하비에르국제학교,외국인학교,2010
종로구,누상동,누상,어린이집,2013
종로구,명륜동,명륜,어린이집,2006
종로구,궁정동,무궁화,어린이집,2010
종로구,신영동,부암,어린이집,2009
종로구,행촌동,상록수,어린이집,2008
종로구,평창동,생명숲,어린이집,2015
종로구,창신3동,아동회관,어린이집,2012
종로구,부암동,엔젤키즈,어린이집,2016
종로구,숭인2동,한빛,어린이집,2012
종로구,청운동,청문,어린이집,2011
종로구,창신3동,은행나무,어린이집,2006
종로구,창성동,정부청사,어린이집,2009
종로구,창신2동,창이,어린이집,2013
종로구,필운동,사직,어린이집,2005
종로구,연지동,연동,어린이집,2008
종로구,수송동,선재,어린이집,2019
종로구,숭인동,도담도담,어린이집,2019
중구,장충동2가,충무,초등학교,1996
중구,청구동,청구,초등학교,1997
중구,신당동,광희,초등학교,2007
중구,신당동,장충,초등학교,1998
중구,신당동,흥인,초등학교,1997
중구,신당동,신당,초등학교,1997
중구,예장동,리라,초등학교,1998
중구,정동,덕수,초등학교,1995
중구,만리2가,봉래,초등학교,1996
중구,남산동2가,남산,초등학교,1996
중구,예장동,숭의,초등학교,1998
중구,신당동,동산,초등학교,1998
중구,명동2가,한성화교소학교,외국인학교,1997
중구,신당동,신당동,어린이집,2007
중구,신당동,성심(다산),어린이집,2007
중구,신당동,청구(신당4동),어린이집,2007
중구,신당동,신당5동,어린이집,2007
중구,신당동,동화나라(신당6동),어린이집,2007
중구,황학동,황학,어린이집,2007
중구,신당동,약수,어린이집,2007
중구,신당동,약수교회,어린이집,2007
중구,약수동,한솔,어린이집,2007
중구,신당동,남산숲(신당3동),어린이집,2007
중구,필동,필동,어린이집,2017
중구,황학동,미담,어린이집,2019
중구,신당동,햇살,어린이집,2020
중구,회현1가,회현,어린이집,2006
중구,서소문동,서울시직장,어린이집,2006
중구,황학동,단우물,어린이집,2016
중구,중림동,중림,어린이집,2018
중구,장충동,경동,어린이집,2021
중구,다산동,근화,유치원,2008
중구,신당동,수암,유치원,2008
중구,약수동,신일,유치원,2008
중구,신당동,약수,유치원,2008
중구,신당동,한일,유치원,2008
중구,남창동,일신,유치원,2007
중구,중림동,가명,유치원,2008
중구,장충동2가,충무병설,병설유치원,2010
중구,예장동,리라병설,병설유치원,2010
중구,정동,덕수병설,병설유치원,2010
중구,신당동,장충병설,병설유치원,2010
중구,신당동,광희병설,병설유치원,2010
용산구,산천동,원효,초등학교,1995
용산구,이촌,신용산,초등학교,1998
용산구,원효로2가,남정,초등학교,1996
용산구,서빙고,서빙고,초등학교,1995
용산구,한남,한남,초등학교,1997
용산구,이태원,보광,초등학교,1998
용산구,용산동2가,용암,초등학교,1998
용산구,이태원,이태원,초등학교,1996
용산구,후암동,삼광,초등학교,1998
용산구,후암동,후암,초등학교,1998
용산구,효창동,금양,초등학교,1995
용산구,청파동,청파,초등학교,1997
용산구,한강로2가,용산,초등학교,1997
용산구,한강로3가,한강,초등학교,1998
용산구,청파3가,신광,초등학교,1998
용산구,산천동,계성,유치원,1997
용산구,이촌1동,대건,유치원,1998
용산구,도원동,도원,유치원,1997
용산구,이촌1동,충신,유치원,2001
용산구,산천동,일민,유치원,2001
용산구,후암동,복자,유치원,2004
용산구,이촌2동,강변,유치원,2007
용산구,이촌2동,한가람,유치원,2007
용산구,이촌1동,원,유치원,2010
용산구,한남동,한남병설,병설유치원,2010
용산구,원효로2가,남정병설,병설유치원,2010
용산구,원효로2가,서빙고병설,병설유치원,2010
용산구,청파동,청파병설,병설유치원,2010
용산구,한남동,서울독일,외국인학교,2000
용산구,한남동,용산국제,외국인학교,2006
용산구,이촌1동,충신교회,어린이집,2006
용산구,이촌2동,이촌,어린이집,2006
용산구,보광동,보광,어린이집,2006
용산구,동빙고동,동빙고,어린이집,2006
용산구,이태원동,이태원삼성,어린이집,2011
용산구,한남동 685-43,한남,어린이집,2013
용산구,한남동 726-542,구립맑은숲,어린이집,2018
성동구,성수동1가 ,경동,초등학교,1995
성동구,성수2가동,경수,초등학교,1995
성동구,성수동1가 ,경일,초등학교,1995
성동구,금호1가동,금북,초등학교,1996
성동구,금호4가동,금옥,초등학교,1997
성동구,"금호2,3가동",금호,초등학교,1997
성동구,마장동,동명,초등학교,1995
성동구,옥수동,동호,초등학교,2010
성동구,마장동,마장,초등학교,1997
성동구,왕십리2동,무학,초등학교,1997
성동구,사근동,사근,초등학교,1995
성동구,성수동2가,성수,초등학교,1996
성동구,송정동,송원,초등학교,2009
성동구,왕십리도선동,숭신,초등학교,2016
성동구,금호4가동,옥수,초등학교,1997
성동구,옥수동,옥정,초등학교,1996
성동구,용답동,용답,초등학교,1998
성동구,응봉동,응봉,초등학교,2002
성동구,행당동,행당,초등학교,1996
성동구,행당2동,행현,초등학교,2005
성동구,사근동,한양,초등학교,2020
성동구,성수동2가,경수병설,병설유치원,2010
성동구,성수동1가 ,로사유치원(중복),병설유치원,2010
성동구,마장동,마장병설,병설유치원,2010
성동구,사근동,사근병설,병설유치원,2010
성동구,송정동,송원병설,병설유치원,2010
성동구,금호4가동,옥수병설,병설유치원,2010
성동구,옥수동,옥수삼성유치원(중복),병설유치원,2010
성동구,옥수동,옥정병설,병설유치원,2010
성동구,성수동1가 ,경동유치원,유치원,2008
성동구,행당동,경동유치원,유치원,2009
성동구,금호3가동,금호유치원,유치원,2009
성동구,왕십리2동,무학유치원,유치원,1997
성동구,홍익동,성심유치원,유치원,2006
성동구,응봉동,세성유치원,유치원,2009
성동구,마장동,세인유치원,유치원,1998
성동구,왕십리2동,솔유치원,유치원,2009
성동구,홍익동,송곡유치원,유치원,2009
성동구,금호4가동,아이들세상유치원,유치원,2010
성동구,행당동,율화유치원,유치원,2006
성동구,행당동,한양여대부속유치원,유치원,2010
성동구,금호1가동,구립금일,어린이집,2011
성동구,마장동,구립성모,어린이집,2011
성동구,용답동,구립용답,어린이집,2011
성동구,용답동,꿈터,어린이집,2011
성동구,마장동,마장,어린이집,1997
성동구,금호동2가,신금호자이,어린이집,2017
성동구,왕십리동,구립왕십리하나,어린이집,2009
성동구,옥수동,연꽃,어린이집,2006
성동구,도선동,왕도,어린이집,2017
성동구,행당동,행응,어린이집,2006
성동구,홍익동,홍익(중복),어린이집,2016
광진구,광장동,광장,초등학교,1995
광진구,화양동,구의,초등학교,1995
광진구,구의2동,동의,초등학교,1995
광진구,자양3동,동자,초등학교,1995
광진구,자양2동,신자,초등학교,1995
광진구,자양1동,자양,초등학교,1995
광진구,군자동,장안,초등학교,1995
광진구,자양2동,양남,초등학교,1996
광진구,중곡2동,용마,초등학교,1996
광진구,자양2동,성동,초등학교,1996
광진구,능동,경복,초등학교,1998
광진구,광장동,광남,초등학교,1998
광진구,구의3동,구남,초등학교,1995
광진구,자양2동,성자,초등학교,1998
광진구,군자동,세종,초등학교,1998
광진구,자양3동,신양,초등학교,1998
광진구,중곡4동,용곡,초등학교,1998
광진구,중곡3동,중광,초등학교,1998
광진구,중곡3동,중마,초등학교,1998
광진구,화양동,화양,초등학교,1998
광진구,구의2동,광진,초등학교,2003
광진구,광장동,양진,초등학교,2005
광진구,광장동,광남,유치원,1997
광진구,자양2동,선경,유치원,1997
광진구,능동,어린이회관,유치원,1997
광진구,자양1동,성산,유치원,1998
광진구,자양2동,슬기,유치원,1998
광진구,자양3동,대원(구.우성),유치원,1998
광진구,자양4동,정신,유치원,2006
광진구,군자동,선양,유치원,2006
광진구,자양1동,자양하나,유치원,2007
광진구,자양3동,인애,유치원,2008
광진구,구의3동,프라임,유치원,2008
광진구,광장동,보성,유치원,2009
광진구,자양3동,한일,유치원,2009
광진구,구의3동,샬롬,유치원,2009
광진구,광장동,광장,유치원,2009
광진구,중곡3동,아이조아,유치원,2010
광진구,구의2동,경원,유치원,2010
광진구,군자동,동심,유치원,2010
광진구,능동,선화,유치원,2010
광진구,구의2동,영화,유치원,2010
광진구,광장동,청구이화,유치원,2010
광진구,능동,구의병설,병설유치원,2010
광진구,자양2동,신자병설,병설유치원,2010
광진구,자양2동,양남병설,병설유치원,2010
광진구,광장동,양진병설,병설유치원,2010
광진구,자양1동,자양병설,병설유치원,2010
광진구,광장동,사랑의,어린이집,2007
광진구,구의1동,신나는,어린이집,2007
광진구,구의3동,좋은,어린이집,2007
광진구,능동,능동,어린이집,2007
광진구,자양3동,자양,어린이집,2007
광진구,자양3동,으뜸,어린이집,2007
광진구,중곡3동,중곡샛별,어린이집,2007
광진구,중곡3동,예아랑,어린이집,2007
광진구,중곡3동,미예뜰,어린이집,2007
광진구,중곡4동,키즈용맹(구.하은),어린이집,2007
광진구,구의2동,구의2동,어린이집,2009
광진구,자양1동,선린,어린이집,2010
광진구,구의3동,구의3동,어린이집,2010
광진구,중곡2동,성심,어린이집,2010
광진구,중곡3동,상명,어린이집,2011
광진구,군자동,수정,어린이집,2012
광진구,군자동,예지,어린이집,2012
광진구,구의1동,명성,어린이집,2013
광진구,구의3동,우리티움아이,어린이집,2015
광진구,군자동,꿈동산몬테소리,어린이집,2015
광진구,아차산로44가길 5,자양도담,어린이집,2018
광진구,자양로35길 13,아이터,어린이집,2019
광진구,자양로35길 13,한국켄트,외국인학교,2018
광진구,광장로 1,재한몽골학교,외국인학교,2020
광진구,강변역로 18,광진학교(구남초교 중복),특수학교,2020
광진구,천호대로120길 32,능동꿈맞이어린이집,어린이집,2020
동대문구,한천로6길 21(장안1동 239-2),군자,초등학교,1995
동대문구,전농로3길 23(답십리동 274),답십리,초등학교,1995
동대문구,답십리로60길 12(답십리동 2-24),동답,초등학교,1995
동대문구,"천호대로 177(답십리동 463-13)
",신답,초등학교,1995
동대문구,"장한로14길 61(장안1동 353-1)
",안평,초등학교,1995
동대문구,"답십리로69길 27(장안2동 323)
",장평,초등학교,1995
동대문구,"무학로44길 25(제기동 1157)
",종암,초등학교,1995
동대문구,"회기로25길 31(회기동 1-1)
",청량,초등학교,1995
동대문구,"회기로 90(청량리동 206-44)
",홍릉,초등학교,1995
동대문구,"사가정로 193(전농동 3-111)
",배봉,초등학교,1996
동대문구,"전농로 172(전농동 188)
",전곡,초등학교,1996
동대문구,"사가정로 66(전농동 298)
",전농,초등학교,1996
동대문구,"전농로16길 61(전농2동 45-41)
",전동,초등학교,1996
동대문구,"신이문로 16(이문동 164-26)
",이문,초등학교,1997
동대문구,"망우로6길 48(휘경2동 302-2)
",휘경,초등학교,1997
동대문구,"회기로10길 63(회기동 102-48)
",삼육,초등학교,1997
동대문구,장안벚꽃로 205(장안2동 328),은석,초등학교,1997
동대문구,천호대로13길 43(용두동 237-1),용두,초등학교,1998
동대문구,고산자로 518(제기동 678),홍파,초등학교,1998
동대문구,장안벚꽃로 309(휘경2동 49-27),휘봉,초등학교,2006
동대문구,전농로 23(답십리동 487-20),빛나,유치원,1998
동대문구,한천로 246(휘경동 57-4),아이비,유치원,2008
동대문구,장한로18길 82-14(장안동 354-1),세하,유치원,2008
동대문구,한천로58길 47(이문2동 64),서울,유치원,2006
동대문구,약령시로43(제기동 241-16),소화,유치원,1998
동대문구,사가정로 190(답십리동6),예일,유치원,2006
동대문구,"이문로12길 20(이문동 321-31)
",젬마,유치원,2006
동대문구,"회기로25길 67(이문동 346-99)
",동안,유치원,2009
동대문구,"답십리로 56(전농동 643-36)
",그림,유치원,2011
동대문구,사가정로 148,새소리,유치원,2016
동대문구,한천로6길 21(장안1동 239-2),군자병설,병설유치원,2010
동대문구,전농로3길 23(답십리동 274),답십리병설,병설유치원,2010
동대문구,"답십리로69길 27(장안2동 323)
",장평병설,병설유치원,2010
동대문구,"전농로16길 61(전농2동 45-41)
",전동병설,병설유치원,2010
동대문구,"신이문로 16(이문동 164-26)
",이문병설,병설유치원,2010
동대문구,"망우로6길 48(휘경2동 302-2)
",휘경단설,병설유치원,2010
동대문구,고산자로 518(제기동 678),홍파병설,병설유치원,2010
동대문구,답십리로56길 21,휘봉병설,병설유치원,2010
동대문구,"황물로 32(답십리동557-1)
",태양,어린이집,2009
동대문구,"사가정로 30(답십리동 477-9)
",동대문,어린이집,2009
동대문구," 답십리로 320-1(장안동 333-1)
",메꽃,어린이집,2009
동대문구,"천호대로89길 58(장안동 444-7)
",장안,어린이집,2009
동대문구,"답십리로66길 75-4(장안동 393-2)
",푸른하늘,어린이집,2009
동대문구,"약령시로5길 22(제기동 220)
",해오름,어린이집,2009
동대문구,"망우로10가길 15(휘경동 308-196)
",휘경,어린이집,2009
동대문구,"한천로 434(이문동 64-2)
",성은,어린이집,2009
동대문구,"외대역동로 118(이문동 115-46)
",한일,어린이집,2009
동대문구,"답십리로56길 21(답십리 990-14)
",조은,어린이집,2009
동대문구,전농로36길 29-3(전농동 103-53),꿈마루,어린이집,2009
동대문구,"사가정로25길 51(장안동 94-61)
",배봉,어린이집,2009
동대문구,"청계천로 547(용두동 696-9)
",햇살,어린이집,2011
동대문구," 답십리로66길 3(장안동 388)
",별밭,어린이집,2011
동대문구,"장한로26다길 38(장안동 341-5)
",이화,어린이집,2011
동대문구,"한천로63길 5-8(이문동 217-1)
",중앙삐아제,어린이집,2012
동대문구,"약령시로7길 19(제기동 227-2)
",영유아프라자,어린이집,2012
동대문구,"회기로 165(회기동 58-1)
",회기,어린이집,2013
동대문구,"장한로5길 45(장안동 403-5)
",사군자,어린이집,2015
동대문구,"경동시장로23길14(제기동 681-2)
",예나,어린이집,2015
동대문구,한천로26길 43,삼성,어린이집,2016
동대문구,한천로33길 11,더불어숲,어린이집,2016
동대문구,답십리로48길 24,오르다,어린이집,2016
동대문구,답십리로48길 38,우아세,어린이집,2016
동대문구,한천로26길 23(장안1동 144-17),새서울,어린이집,2018
동대문구,고산자로29길13(용두동29-3),구청(직장),어린이집,2018
동대문구,난계로30길31(용신동),청정원,어린이집,2019
동대문구,장한로26다길77(장안2동),솔향기,어린이집,2019
동대문구,장한로27나길65(장안2동),연세,어린이집,2019
동대문구,왕산로312(휘경1동),새하늘,어린이집,2019
동대문구,약령시로3길 38,언덕위하얀,어린이집,2020
동대문구,답십리로60길 40,대람늘푸른,어린이집,2020
동대문구,장안벗꽃로107 현대홈타운(아),장안현대,어린이집,2020
동대문구,신이문로 6길 10,포르테몬테,어린이집,2021
동대문구,외대역동로 1길 60-3,유마,어린이집,2021
동대문구,장한로12길 76-1,늘봄,어린이집,2021
동대문구,제기로31길10-3,어린왕자,어린이집,2021
중랑구,망우동,망우,초등학교,1995
중랑구,면목동,면남,초등학교,1995
중랑구,면목동,면동,초등학교,1995
중랑구,망우동,면북,초등학교,1995
중랑구,면목동,면중,초등학교,1995
중랑구,신내동,신내,초등학교,1995
중랑구,면목동,중곡,초등학교,1995
중랑구,면목동,중랑,초등학교,1995
중랑구,신내동,중화,초등학교,1995
중랑구,망우동,면일,초등학교,1996
중랑구,중화동,묵동,초등학교,1996
중랑구,상봉동,상봉,초등학교,1996
중랑구,묵동,신묵,초등학교,1996
중랑구,망우동,동원,초등학교,1997
중랑구,면목동,면목,초등학교,1997
중랑구,신내동,봉화,초등학교,1997
중랑구,신내동,신현,초등학교,1997
중랑구,신내동,원묵,초등학교,1997
중랑구,신내동,금성,초등학교,1997
중랑구,면목동,중목,초등학교,1998
중랑구,중화동,중흥,초등학교,2000
중랑구,묵동,묵현,초등학교,2004
중랑구,신내동,새솔,초등학교,2013
중랑구,중화동,서안,유치원,2010
중랑구,신내동,예원,유치원,1997
중랑구,면목동,동국,유치원,1998
중랑구,면목동,색동,유치원,1998
중랑구,면목동,동일,유치원,2006
중랑구,중화동,수산,유치원,2009
중랑구,묵동,미림,유치원,2009
중랑구,면목동,봄내,유치원,2013
중랑구,상봉동,이루니,유치원,2015
중랑구,망우동,정암,유치원,2017
중랑구,망우동,동원초교병설,병설유치원,2010
중랑구,묵동,묵현초교병설,병설유치원,2010
중랑구,면목동,중곡초교병설,병설유치원,2010
중랑구,중화동,한내들,어린이집,1997
중랑구,상봉동,삼성,어린이집,2006
중랑구,상봉동,상봉,어린이집,2006
중랑구,면목동,이화,어린이집,2006
중랑구,면목동,나래,어린이집,2010
중랑구,중화동,세화,어린이집,2010
성북구,동소문동,돈암,초등학교,1995
성북구,정릉동 ,청덕,초등학교,1996
성북구,동소문동,정덕,초등학교,1995
성북구,보문동,동신,초등학교,1996
성북구,안암동,안암,초등학교,1995
성북구,길음2동,길음,초등학교,1997
성북구,정릉동 ,정릉,초등학교,1997
성북구,정릉2동,정수,초등학교,1997
성북구,돈암1동,개운,초등학교,2003
성북구,길음2동,길원,초등학교,2006
성북구,보문동,대광,초등학교,1995
성북구,돈암동 ,매원,초등학교,1997
성북구,길음동 ,미아,초등학교,1996
성북구,성북동 ,성북,초등학교,1996
성북구,돈암동 ,성신,초등학교,1997
성북구,정릉2동,숭덕,초등학교,1995
성북구,삼선동,삼선,초등학교,1995
성북구,돈암동 ,우촌,초등학교,1995
성북구,종암동 ,숭례,초등학교,1996
성북구,장위2동,월곡,초등학교,1996
성북구,석관동 ,석관,초등학교,1995
성북구,장위동 ,장곡,초등학교,1995
성북구,하월곡동,숭곡,초등학교,1997
성북구,장위2동,장위,초등학교,1997
성북구,장위3동,광운,초등학교,1997
성북구,석관동,석계,초등학교,2005
성북구,종암동 ,일신,초등학교,2000
성북구,장위동 ,장월,초등학교,2006
성북구,하월곡동,숭인,초등학교,2009
성북구,성북동 ,덕수,유치원,1998
성북구,돈암동 ,성신,유치원,2010
성북구,돈암동 ,반디,유치원,1998
성북구,돈암동 ,세아,유치원,1998
성북구,보문동,은영,유치원,2004
성북구,돈암동 ,희망찬,유치원,2000
성북구,돈암동 ,베네딕도,유치원,2008
성북구,정릉1동,새싹,유치원,2007
성북구,안암동,영암,유치원,2008
성북구,길음동 ,좋은소리,유치원,2008
성북구,정릉동 ,한가람,유치원,2008
성북구,정릉동 ,개동,유치원,2010
성북구,길음동 ,나래,유치원,2010
성북구,보문동 ,동선,유치원,2008
성북구,동소문동,새삼선,유치원,2008
성북구,길음1동,선한,유치원,1998
성북구,보문동,신암,유치원,2008
성북구,돈암동 ,천사,유치원,2008
성북구,정릉1동,해뜨는,유치원,2010
성북구,상월곡동,동덕,유치원,1997
성북구,종암동 ,사랑,유치원,1997
성북구,하월곡동,탑주,유치원,2000
성북구,길음동 ,루이,유치원,2013
성북구,장위1동,한마음,유치원,1997
성북구,종암동 ,영재,유치원,2008
성북구,석관동 ,은하,유치원,1995
성북구,종암동 ,예린,유치원,2010
성북구,장위동 ,영천,유치원,2010
성북구,돈암동 ,우촌병설,병설유치원,2010
성북구,길음1동,길음단설,병설유치원,2010
성북구,길음동 ,길원병설,병설유치원,2010
성북구,동소문동,돈암병설,병설유치원,2010
성북구,보문동,동신병설,병설유치원,2010
성북구,삼선동,삼선병설,병설유치원,2010
성북구,성북동 ,성북병설,병설유치원,2010
성북구,동소문동,정덕병설,병설유치원,2010
성북구,정릉동 ,청덕병설,병설유치원,2010
성북구,석관동 ,석관병설,병설유치원,1995
성북구,하월곡동,숭곡병설,병설유치원,1997
성북구,종암동 ,숭례병설,병설유치원,1996
성북구,장위동 ,장월병설,병설유치원,2006
성북구,정릉동 ,솔샘,어린이집,2009
성북구,안암동,안암,어린이집,2009
성북구,정릉3동,북악,어린이집,2010
성북구,길음동 ,웅지,어린이집,2010
성북구,정릉동 ,짐랜드,어린이집,2010
성북구,정릉동 ,노벨,어린이집,2010
성북구,동소문동,성북,어린이집,2010
성북구,길음동 ,길음성가,어린이집,2012
성북구,종암동 ,아랑,어린이집,2012
성북구,정릉4동,연꽃,어린이집,2012
성북구,하월곡동,영광,어린이집,2012
성북구,종암동 ,종암,어린이집,2009
성북구,장위1동,피터팬,어린이집,1997
성북구,길음2동,다솔,어린이집,2010
성북구,하월곡동,목화,어린이집,2010
성북구,하월곡동,새싹,어린이집,2010
성북구,장위동 ,장위3동,어린이집,2010
성북구,성북동,한빛,어린이집,2013
성북구,동선동,돈암감리교회,어린이집,2013
성북구,돈암동 ,가람,어린이집,2014
성북구,길음동 ,은행나무,어린이집,2014
성북구,종암동 ,종암중앙,어린이집,2015
성북구,정릉동 ,성북생명숲,어린이집,2015
성북구,돈암동 ,느티나무,어린이집,2016
성북구,정릉동 ,이화,어린이집,2016
성북구,종암동 ,초원,어린이집,2016
성북구,종암동 ,소리,어린이집,2018
성북구,안암동,고려대학교,어린이집,2019
성북구,길음동 ,길음빛,어린이집,2020
성북구,장위동 ,장위,어린이집,2020
성북구,석관동,하은,어린이집,2020
성북구,성북동 ,서울다원학교,특수학교,1997
강북구,번1동 456번지,수송,초등학교,2001
강북구,수유6동 551-19,인수,초등학교,1995
강북구,미아9동 127-2,화계,초등학교,1995
강북구,미아1동 837-687,미양,초등학교,1995
강북구,미아2동 791-1932,삼양,초등학교,1995
강북구,미아9동 94-1,송중,초등학교,1995
강북구,수유1동 55-5,수유,초등학교,1996
강북구,수유5동 우이새싹길,우이,초등학교,1996
강북구,번3동 236번지,번동,초등학교,1997
강북구,번3동 248번지,오현,초등학교,1997
강북구,송천1길 8-1,영훈,초등학교,1998
강북구,수유1동 466-52,유현,초등학교,1998
강북구,미아5동 438번지,송천,초등학교,1998
강북구,미아동 1353-10,삼각산,초등학교,2003
강북구,수유2동 234,성체,유치원,1997
강북구,수유4동 561-17,유안,유치원,1998
강북구,수유5동 118-1,화계,유치원,1997
강북구,수유1동 52-21,운산,유치원,1998
강북구,수유4동 558-32,인수,유치원,2010
강북구,번2동 234-3,꿈동산,유치원,2010
강북구,미아동 1354,솔샘,유치원,2003
강북구,삼양동 837-687,미양병설,병설유치원,2010
강북구,수유동 55-5,수유병설,병설유치원,2010
강북구,미아동 124-2,애화,특수학교,1997
강북구,수유동 468-305,정인,특수학교,2001
강북구,수유동 484-21,한빛맹,특수학교,1997
강북구,우이동 139-10,제일,어린이집,2010
강북구,송중동 3-878,효성,어린이집,2010
강북구,번2동 420,번2동,어린이집,2007
강북구,인수동 543-1,백운교회,어린이집,2007
강북구,삼양동 791-469,삼양,어린이집,2007
강북구,수유1동 472-236,신기,어린이집,2007
강북구,삼양동 791-2110,아람,어린이집,2007
강북구,인수동 355-8,인수동,어린이집,2007
강북구,번1동 430-66,예닮,어린이집,2007
강북구,번3동 155-5,자연,어린이집,2007
강북구,미아동 345-1,별밭,어린이집,2010
강북구,우이동 100-36,솔밭,어린이집,2010
강북구,번동 177-2,꼬꼬마,어린이집,2010
강북구,송중동 3-8,예원,어린이집,2009
강북구,수유2동 245 ,푸른솔,어린이집,2011
도봉구,창동,가인,초등학교,2005
도봉구,도봉동,누원,초등학교,2006
도봉구,도봉동,도봉,초등학교,1998
도봉구,방학동,방학,초등학교,1995
도봉구,쌍문동,백운,초등학교,1995
도봉구,쌍문동,숭미,초등학교,1997
도봉구,방학동,신방학,초등학교,1998
도봉구,창동,신창,초등학교,1995
도봉구,창동,신학,초등학교,1996
도봉구,창동,신화,초등학교,1996
도봉구,쌍문동,쌍문,초등학교,1995
도봉구,도봉동,오봉,초등학교,2000
도봉구,창동,월천,초등학교,1997
도봉구,창동,자운,초등학교,1998
도봉구,창동,창경,초등학교,1995
도봉구,창동,창도,초등학교,1997
도봉구,창동,창동,초등학교,1998
도봉구,창동,창림,초등학교,2000
도봉구,창동,창원,초등학교,1995
도봉구,창동,창일,초등학교,1997
도봉구,방학동,초당,초등학교,1995
도봉구,쌍문동,동북,초등학교,1995
도봉구,쌍문동,한신,초등학교,1996
도봉구,창5동,솔샘,유치원,1997
도봉구,쌍문4동,행복한,유치원,1998
도봉구,방학3동,유화,유치원,2006
도봉구,방학1동,사랑,유치원,2008
도봉구,창3동,신창,유치원,2008
도봉구,쌍문4동,선희,유치원,2008
도봉구,창2동,한볕,유치원,2009
도봉구,방학3동,꿈밭,유치원,2009
도봉구,창동,삼풍,유치원,2010
도봉구,쌍문동,정의,유치원,2010
도봉구,창4동,청아,유치원,2010
도봉구,쌍문1동,햇살,유치원,2010
도봉구,창1동,한사랑,유치원,2010
도봉구,창4동,서울마들,유치원,2010
도봉구,도봉1동,도봉초병설,병설유치원,2010
도봉구,창3동,신창초병설,병설유치원,2010
도봉구,창5동,창동초병설,병설유치원,2010
도봉구,쌍문1동,해맑은,어린이집,2006
도봉구,쌍문2동,쌍문2동,어린이집,2006
도봉구,쌍문3동,쌍문삼성,어린이집,2006
도봉구,쌍문2동,리라,어린이집,2006
도봉구,쌍문1동,경일,어린이집,2006
도봉구,창3동,창4동,어린이집,2006
도봉구,창동,해피둥지,어린이집,2009
도봉구,쌍문동,세인,어린이집,2009
도봉구,창3동,창3동,어린이집,2010
도봉구,창2동,방학3동,어린이집,2010
도봉구,쌍문1동,쌍문1동,어린이집,2010
도봉구,방학3동,창2동,어린이집,2011
도봉구,창5동,신세인,어린이집,2012
도봉구,쌍문1동,이화,어린이집,2014
도봉구,쌍문2동,햇살마루,어린이집,2014
도봉구,창4동,한내,어린이집,2015
도봉구,방학2동,방아골,어린이집,2017
도봉구,도봉2동,다울,어린이집,2019
도봉구,창2동,새샘,어린이집,2019
도봉구,방학1동,학마을,어린이집,2006
도봉구,창동,산들,어린이집,2009
도봉구,쌍문1동,아이숲,어린이집,2014
도봉구,쌍문1동,지앤지,어린이집,2008
도봉구,도봉동,인강,특수학교,1997
노원구,월계2동 602,신계,초등학교,1995
노원구,중계4동 447-2,중계,초등학교,1995
노원구,월계1동 470,선곡,초등학교,1995
노원구,공릉2동 250,태릉,초등학교,1995
노원구,상계1동 1044,노일,초등학교,1995
노원구,상계10동 697,상월,초등학교,1995
노원구,상계1동 1014,노원,초등학교,1995
노원구,상계2동 402-1,상계,초등학교,1995
노원구,공릉1동 371,공연,초등학교,1995
노원구,중계본동 257-3,불암,초등학교,1995
노원구,중계1동 산 72,을지,초등학교,1995
노원구,상계4동 111,신상계,초등학교,1995
노원구,하계1동 152,연촌,초등학교,1996
노원구,하계2동 340,중현,초등학교,1996
노원구,월계2동 806-3,월계,초등학교,1996
노원구,월계3동 3-7,한천,초등학교,1996
노원구,월계3동 223,녹천,초등학교,1996
노원구,중계3동 510-7,용동,초등학교,1996
노원구,상계7동 755,상수,초등학교,1996
노원구,상계8동 887-7,동일,초등학교,1996
노원구,상계8동 621,상경,초등학교,1996
노원구,상계9동 645,상원,초등학교,1996
노원구,중계본동 357,원광,초등학교,1997
노원구,중계2동 502,중원,초등학교,1997
노원구,공릉동 610,공릉,초등학교,1998
노원구,공릉2동 126,화랑,초등학교,1998
노원구,공릉2동 26-39,태강,초등학교,1998
노원구,공릉2동 116,태랑,초등학교,2001
노원구,하계동 271,중평,초등학교,1998
노원구,공릉3동 709,용원,초등학교,1998
노원구,월계동 271,연지,초등학교,1998
노원구,중계3동 513-1,청계,초등학교,1998
노원구,중계3동 515-1,상명,초등학교,1998
노원구,상계6동 742,당현,초등학교,1998
노원구,상계6동 768,상천,초등학교,1998
노원구,상계1동 1171-2,수락,초등학교,1998
노원구,상계9동 638,온곡,초등학교,1998
노원구,상계10동 678,상곡,초등학교,1998
노원구,상계9동 641,청원,초등학교,1998
노원구,상계5동 447-1,계상,초등학교,2002
노원구,중계본동 77,수암,초등학교,2000
노원구,상계3동 1200-74,덕암,초등학교,2003
노원구,상계1동 1044,노일유치원,유치원,1995
노원구,공릉3동 715,예진유치원,유치원,1997
노원구,월계4동 390-4,성북유치원,유치원,1997
노원구,중계3동 511-2,상원유치원,유치원,1998
노원구,중계동 505,연세유치원,유치원,1998
노원구,상계6동 737-2,성희유치원,유치원,1998
노원구,상계10동 695,아이디,유치원,1998
노원구,상계6동 740,영은유치원,유치원,1998
노원구,월계1동 435-5,보고유치원,유치원,2005
노원구,하계1동 251,성실유치원,유치원,2006
노원구,공릉3동 714,사라유치원,유치원,2006
노원구,상계2동 320-1,양지유치원,유치원,2006
노원구,하계동 256-5,한성유치원,유치원,2006
노원구,하계2동 354,학여울,유치원,2008
노원구,상계3동 1275-3,무지개,유치원,2008
노원구,하계2동 273,선덕유치원,유치원,2008
노원구,상계3동 1293,한울유치원,유치원,2008
노원구,중계4동 염광@내,까치유치원,유치원,2008
노원구,상계3동 1285,동화나라,유치원,2008
노원구,중계3동 512,고운유치원,유치원,2010
노원구,월계2동 초안@단지,초안유치원,유치원,2010
노원구,상계9동 641,청원유치원,유치원,2010
노원구,중계동 411-1 청암중내,청암유치원,유치원,2010
노원구,월계동 320-9,연지유치원(명칭변경),유치원,2010
노원구,월계동 820,염광유치원,유치원,2010
노원구,공릉동 481-3,꽃동산,유치원,2010
노원구,상계1동 997 조흥한신@,꿈터유치원,유치원,2010
노원구,월계동 781,다연유치원,유치원,2010
노원구,월계동 781,대원유치원,유치원,2010
노원구,중계2동 그린아파트,동은유치원,유치원,2010
노원구,월계동 582,두솔유치원,유치원,2010
노원구,공릉2동 81 태강@,미광유치원,유치원,2010
노원구,월계3동 322-1,보배유치원,유치원,2010
노원구,중계4동 358-6,사랑샘유치원,유치원,2012
노원구,중계본동 91-1,원암유치원,유치원,2012
노원구,한글비석로 281,우리유치원,유치원,2012
노원구,중계4동 131-4,키즈위즈유치원,유치원,2012
노원구,상계10동 673,풍천유치원,유치원,2012
노원구,동일로227길 47,온누리유치원,유치원,2015
노원구,공릉동610,공릉병설,병설유치원,2010
노원구,상계8동 887-7,동일병설,병설유치원,2010
노원구,상계8동 621,상경병설,병설유치원,2010
노원구,상계10동 678,상곡병설,병설유치원,2010
노원구,상계1동 1171-2,수락병설,병설유치원,2010
노원구,중계본동 77,수암병설,병설유치원,2010
노원구,상계4동 111,신상계병설,병설유치원,2010
노원구,하계1동 152,연촌병설,병설유치원,2010
노원구,공릉2동 116,태랑병설,병설유치원,2010
노원구,중계본동 364-5,중계,어린이집,1997
노원구,상계1동 1096-1,노원,어린이집,2008
노원구,상계1동 1257,북부,어린이집,2008
노원구,상계2동 430-5,상계삼성,어린이집,2008
노원구,상계7동 205-1,성서대부설,어린이집,2008
노원구,하계1동 252-13,하계,어린이집,2008
노원구,월계1동 411-46,월계1동,어린이집,2008
노원구,공릉1동 569-22,예뜨랑,어린이집,2008
노원구,공릉2동 77,공릉2동,어린이집,2008
노원구,상계4동 48-11,상계4동,어린이집,2008
노원구,상계1동1019-83,품속,어린이집,2010
노원구,공릉로59가길 13,청솔창의,어린이집,2017
노원구,중계로8길 17,중계행복,어린이집,2017
노원구,하계1동 288-1,동천,특수학교,1997
노원구,공릉로58길 24,정민,특수학교,2012
노원구,중계동,중계미래탐구초등연재센터학원,학원,2020
노원구,중계동,중계덕스어학원,학원,2020
노원구,중계동,아발론랭콘중계어학원,학원,2020
노원구,중계동,하이레벨수학전문학원,학원,2020
노원구,중계동,소마사고력수학학원,학원,2020
노원구,중계동,청담어학원,학원,2020
노원구,중계동,중계스텔라어학원,학원,2020
노원구,중계동,국풍2000학원,학원,2020
노원구,중계동,올림피아드영재센터학원,학원,2020
노원구,중계동,모멘텀아스트라학원,학원,2020
노원구,중계동,알로곤영재센터학원,학원,2020
노원구,중계동,하이레벨수학전문학원,학원,2020
노원구,중계동,멘처스학원,학원,2020
노원구,중계동,중계세일입시학원,학원,2020
노원구,중계동,CMS중계중등영재2관학원,학원,2020
노원구,중계동,수학에미친사람들중계관학원,학원,2020
은평구,갈현2동,갈현,초등학교,1995
은평구,구산동,구산,초등학교,1995
은평구,녹번동,녹번,초등학교,1995
은평구,대조동,대조,초등학교,1995
은평구,진관동 ,북한산,초등학교,1995
은평구,불광동,불광,초등학교,1995
은평구,수색동,수색,초등학교,1995
은평구,신사2동,신사,초등학교,1995
은평구,역촌동,역촌,초등학교,1995
은평구,불광2동,연신,초등학교,1995
은평구,불광2동,연천,초등학교,1995
은평구,녹번동,은평,초등학교,1995
은평구,응암3동,응암,초등학교,1995
은평구,증산동,증산,초등학교,1995
은평구,갈현2동,선일,초등학교,1995
은평구,구산동,예일,초등학교,1995
은평구,대조동,대은,초등학교,1996
은평구,진관동,신도,초등학교,1996
은평구,신사2동,상신,초등학교,1997
은평구,응암2동,연은,초등학교,1997
은평구,응암3동,충암,초등학교,1997
은평구,불광2동,연광,초등학교,2004
은평구,신사2동,서신,초등학교,2005
은평구,진관동,진관,초등학교,2008
은평구,응암1동,은명,초등학교,2008
은평구,구산동,구현,초등학교,2009
은평구,진관동,은진,초등학교,2009
은평구,불광1동,수리,초등학교,2011
은평구,진관동,은빛,초등학교,2011
은평구,녹번동,어울,초등학교,2018
은평구,구산동,은평대영,특수학교,1997
은평구,역촌동,백합,유치원,1997
은평구,역촌동,엔젤,유치원,1997
은평구,불광1동,바다의별,유치원,1998
은평구,응암2동,와우랩,유치원,2003
은평구,수색동,효림,유치원,2006
은평구,신사1동,보람,유치원,2007
은평구,불광1동,새보람,유치원,2007
은평구,갈현2동,색동,유치원,2007
은평구,응암3동,무지개나라,유치원,2007
은평구,증산동,동산,유치원,2009
은평구,녹번동,유정,유치원,2009
은평구,신사1동,다우림,유치원,2009
은평구,진관동,동북,유치원,2009
은평구,갈현2동,성균관(갈현초),유치원,2010
은평구,구산동,예일(예일초),유치원,2010
은평구,불광1동,은혜,유치원,2010
은평구,진관동,진관,유치원,2012
은평구,진관동,숲,유치원,2012
은평구,진관동 ,하나,유치원,2013
은평구,신사1동,은평국제,유치원,2018
은평구,신사2동,서신병설,병설유치원,2010
은평구,수색동,수색병설,병설유치원,2010
은평구,응암1동,은명병설,병설유치원,2010
은평구,녹번동,은평병설,병설유치원,2010
은평구,구산동,구현병설,병설유치원,2010
은평구,진관동,신도병설,병설유치원,2010
은평구,불광2동,연광병설,병설유치원,2010
은평구,녹번동,자연,유치원,2020
은평구,응암3동,서문,유치원,2020
은평구,불광1동,성모자애,어린이집,2006
은평구,녹번동,은평감리교회,어린이집,2008
은평구,녹번동,하나연,어린이집,2010
은평구,응암동,구립응암,어린이집,2013
은평구,갈현1동,수성,어린이집,2014
은평구,응암2동,내일,어린이집,2015
은평구,갈현동,우정,어린이집,2015
은평구,응암1돋,꿈나무마을 ,어린이집,2015
은평구,응암2동,아이젤,어린이집,2016
은평구,신사1동,하늘,어린이집,2017
은평구,갈현2동,다원,어린이집,2018
은평구,신사2동,홍익,어린이집,2019
은평구,진관동,진관,어린이집,2019
은평구,불광1동,보듬손,어린이집,2020
서대문구,홍제동,고은,초등학교,1995
서대문구,홍은동,명지,초등학교,1995
서대문구,북가좌동,북가좌,초등학교,1995
서대문구,남가좌동,연가,초등학교,1995
서대문구,대신동,이대부속,초등학교,1995
서대문구,홍제동,인왕,초등학교,1995
서대문구,홍은동,홍제,초등학교,1995
서대문구,천연동,금화,초등학교,1996
서대문구,창천동,창서,초등학교,1996
서대문구,북아현동,추계,초등학교,1996
서대문구,충정로2가,경기,초등학교,1997
서대문구,대현동,대신,초등학교,1997
서대문구,미근동,미동,초등학교,1997
서대문구,북아현동,북성,초등학교,1997
서대문구,홍제동,안산,초등학교,1998
서대문구,연희동,연희,초등학교,1998
서대문구,홍제동,홍은,초등학교,1998
서대문구,홍은동,홍연,초등학교,2002
서대문구,홍은동,가재울,초등학교,2015
서대문구,홍은동,서울외국인학교,외국인학교,2016
서대문구,북가좌동,삼성,유치원,1998
서대문구,북가좌동,세종,유치원,1998
서대문구,창천동,신촌,유치원,1998
서대문구,대현동,신현,유치원,1998
서대문구,홍제동,한양제일,유치원,2007
서대문구,남가좌동,연,유치원,2009
서대문구,홍제동,인왕,유치원,2009
서대문구,남가좌동,충암,유치원,2009
서대문구,홍제동,현대경복,유치원,2009
서대문구,홍제동,홍제성당,유치원,2009
서대문구,홍제동,현대홍익,유치원,2010
서대문구,대신동,이화여대,유치원,2010
서대문구,북아현동,북성단설,단설유치원,2010
서대문구,천연동,금화병설,병설유치원,2010
서대문구,홍제동,인왕병설,병설유치원,2010
서대문구,홍은동,홍제병설,병설유치원,2010
서대문구,영천동,독립문,어린이집,2006
서대문구,대신동,세브란스,어린이집,2010
서대문구,남가좌동,환희,어린이집,2010
서대문구,홍제동,새솔,어린이집,2018
마포구,망원동 426-5,동교,초등학교,1995
마포구,상수동 105,서강,초등학교,1995
마포구,공덕2동 256-4,공덕,초등학교,1995
마포구,동교동 341,서교,초등학교,1996
마포구,성산2동 177,성원,초등학교,1995
마포구,아현1동 386-1,소의,초등학교,1995
마포구,신수동 445-1,신석,초등학교,1995
마포구,아현2동 276-6,아현,초등학교,1995
마포구,대흥동 199-1,용강,초등학교,1995
마포구,도화2동 347-5,마포,초등학교,1995
마포구,성산1동 산23-2,성서,초등학교,1995
마포구,염리동 173-4,염리,초등학교,1995
마포구,염리동 24-1,한서,초등학교,1996
마포구,망원동 467-1,망원,초등학교,1995
마포구,상암동 1488,상암,초등학교,2005
마포구,상암동 356-2,상지,초등학교,2007
마포구,합정동 427-2,성산,초등학교,1996
마포구,성산2동 43,신북,초등학교,1996
마포구,성산2동 95-1,중동,초등학교,1995
마포구,노고산동 33-1,창천,초등학교,1996
마포구,상수동 72-1,홍대부속,초등학교,1995
마포구,상암동 594,하늘,초등학교,2010
마포구,성산2동 200-209,꿈터유치원,유치원,1999
마포구,서교동 370-13,배영유치원,유치원,2007
마포구,도화동 357,새현대유치원,유치원,2004
마포구,성산동 450,서울유치원,유치원,2007
마포구,성산2동 200-71,서일유치원,유치원,1997
마포구,연남동 369-1,홍대부속유치원,유치원,2004
마포구,상암동 1639,나사렛유치원,유치원,2009
마포구,성산동 13-15,대진유치원,유치원,2009
마포구,염리동 45-5,정임유치원,유치원,2005
마포구,연남동 493-6,마포대진유치원,유치원,2010
마포구,상암동 1679,월드유치원,유치원,2010
마포구,도화동 550,삼성그린유치원,유치원,2010
마포구,신수동 200-1,성결,유치원,2013
마포구,공덕2동 256-4,공덕병설,병설유치원,2010
마포구,도화2동 347-5,마포병설,병설유치원,2010
마포구,상암동 1488,상암병설,병설유치원,2010
마포구,상암동 356-2,상지병설,병설유치원,2010
마포구,대흥동 199-1,용강병설,병설유치원,2010
마포구,노고산동 33-1,창천병설,병설유치원,2010
마포구,상암동 1582,서울일본인학교,외국인학교,2010
마포구,망원2동 450-2,샘물,어린이집,2008
마포구,성산2동 145-12,성산,어린이집,2008
마포구,도화2동 347-134,연화,어린이집,2008
마포구,마포동 230,진선미,어린이집,2008
마포구,창전동 141-2,창천,어린이집,2008
마포구,와우산로30길 79,서강,어린이집,2015
마포구,대흥로 11,신석,어린이집,2016
마포구,독막로 141,아이빛,어린이집,2016
마포구,와우산로37길16,동교,어린이집,2018
마포구,신촌로20길15,노고산,어린이집,2018
양천구,신정3동,남명,초등학교,1995
양천구,신정4동,양동,초등학교,1995
양천구,신월4동,강서,초등학교,1996
양천구,신월5동,강신,초등학교,1996
양천구,신월3동,신원,초등학교,1996
양천구,신월2동,양강,초등학교,1996
양천구,신월3동,양원,초등학교,1996
양천구,신정7동,갈산,초등학교,1997
양천구,신월7동,강월,초등학교,1997
양천구,목5동,경인,초등학교,1997
양천구,신정7동,계남,초등학교,1997
양천구,신정2동,목동,초등학교,1997
양천구,목1동,서정,초등학교,1997
양천구,신정2동,신목,초등학교,1997
양천구,신정1동,신서,초등학교,1997
양천구,신정1동,양명,초등학교,1997
양천구,신정4동,양목,초등학교,1997
양천구,목2동,양화,초등학교,1997
양천구,목5동,영도,초등학교,1997
양천구,목5동,월촌,초등학교,1997
양천구,신정7동,은정,초등학교,1997
양천구,목4동,정목,초등학교,1997
양천구,목5동,목원,초등학교,1998
양천구,신월2동,신강,초등학교,1998
양천구,신월6동,신남,초등학교,1998
양천구,신정3동,신기,초등학교,2000
양천구,신정3동,지향,초등학교,2004
양천구,신정3동,장수,초등학교,2007
양천구,목1동,목운,초등학교,2009
양천구,신정3동,신은,초등학교,2011
양천구,목5동,해림,유치원,1997
양천구,신월4동,다솜,유치원,1998
양천구,목3동,동연,유치원,1998
양천구,신정2동,등대,유치원,1998
양천구,목3동,등촌,유치원,1998
양천구,신정7동,목성,유치원,1998
양천구,신월7동,상아,유치원,1998
양천구,신월7동,샘터,유치원,1998
양천구,신정7동,어린이의정원,유치원,1998
양천구,목5동,원일,유치원,1998
양천구,목1동,빛나,유치원,1999
양천구,신정4동,튼튼,유치원,1999
양천구,신정6,세화,유치원,2007
양천구,목2동,신목,유치원,2008
양천구,신정3동,계상,유치원,2010
양천구,신월3동,광영,유치원,2010
양천구,목5동,수영,유치원,2010
양천구,목5동,아란,유치원,2010
양천구,신정4동,목동,유치원,2010
양천구,목5동,한서,유치원,2010
양천구,신정3동,신예,유치원,2010
양천구,신정3동,신정,유치원,2016
양천구,목5동,서울경인,단설유치원,2010
양천구,신정3동,신기병설,병설유치원,2010
양천구,신월3동,신원병설,병설유치원,2010
양천구,신정4동,양목병설,병설유치원,2010
양천구,목5동,영도병설,병설유치원,2010
양천구,목5동,월촌병설,병설유치원,2010
양천구,신정3동,장수병설,병설유치원,2010
양천구,신정2동,꿈나래,어린이집,1997
양천구,목2동,다솜,어린이집,1997
양천구,신정7동,신나는,어린이집,1997
양천구,신정6동,양천삼성,어린이집,1997
양천구,목3동,청솔,어린이집,1997
양천구,신월3동,파란들,어린이집,1997
양천구,신월7동,파랑새,어린이집,1997
양천구,신월3동,서울sos,어린이집,1997
양천구,신월5동,강서중앙,어린이집,1998
양천구,신월2동,곰달래,어린이집,2008
양천구,목5동,목동,어린이집,2008
양천구,목4동,무궁화,어린이집,2008
양천구,신월1동,세진,어린이집,2008
양천구,목2동,엄마사랑,어린이집,2008
양천구,신월7동,우리또래,어린이집,2008
양천구,신정4동,은행정,어린이집,2008
양천구,신월2동,이화,어린이집,2008
양천구,신정3동,강성,어린이집,2010
양천구,신월5동,둥지,어린이집,2010
양천구,신정3동,신정3,어린이집,2010
양천구,신월7동,양문,어린이집,2010
양천구,신정4동,으뜸,어린이집,2010
양천구,신정4동,은혜,어린이집,2010
양천구,신월4동,해나라,어린이집,2010
양천구,신정1동,해바라기,어린이집,2010
양천구,신월4동,성결,어린이집,2011
양천구,신정4동,어깨동무,어린이집,2011
양천구,신정4동,예뜰,어린이집,2011
양천구,신월1동 ,지원,어린이집,2011
양천구,신정3동,넓은들,어린이집,2012
양천구,신월4동,푸르미,어린이집,2015
양천구,신월6동,청운,어린이집,2019
양천구,목2동,구립목2동,어린이집,2019
양천구,신월7동,이화,어린이집,2020
양천구,신월7동,잉글리쉬러닝베이(신월),학원,2012
양천구,신정2동,잉글리쉬러닝베이(목동),학원,2015
양천구,신월1동,리틀플래닛(명칭변경),학원,2020
강서구,발산1동,가곡,초등학교,1995
강서구,발산1동,발산,초등학교,1995
강서구,방화2동,방화,초등학교,1995
강서구,등촌1동,백석,초등학교,1995
강서구,방화3동,삼정,초등학교,1995
강서구,화곡4동,신곡,초등학교,1995
강서구,방화3동,정곡,초등학교,1995
강서구,방화3동,치현,초등학교,1995
강서구,공항동,송정,초등학교,1996
강서구,화곡7동,신월,초등학교,1996
강서구,화곡2동,신정,초등학교,1996
강서구,화곡5동,우장,초등학교,1996
강서구,화곡본동,화곡,초등학교,1996
강서구,가양3동,가양,초등학교,1997
강서구,방화동,개화,초등학교,1997
강서구,가양2동,공진,초등학교,1997
강서구,공항동,공항,초등학교,1997
강서구,발산2동,내발산,초등학교,1997
강서구,등촌3동,등명,초등학교,1997
강서구,화곡6동,등서,초등학교,1997
강서구,등촌3동,등양,초등학교,1997
강서구,등촌3동,등원,초등학교,1997
강서구,등촌2동,등촌,초등학교,1997
강서구,등촌3동,등현,초등학교,1997
강서구,방화1동,송화,초등학교,1997
강서구,가양1동,양천,초등학교,1997
강서구,염창동,염창,초등학교,1997
강서구,화곡7동,월정,초등학교,1997
강서구,가양2동,탑산,초등학교,1997
강서구,등촌3동,유석,초등학교,1997
강서구,염창동,염동,초등학교,1998
강서구,염창동,염경,초등학교,2005
강서구,화곡본동,화일,초등학교,2005
강서구,내발산동,수명,초등학교,2008
강서구,등촌2동,등마,초등학교,2009
강서구,화곡5동,문성유치원,유치원,1997
강서구,등촌2동,미도유치원,유치원,1997
강서구,등촌3동,보라유치원,유치원,1997
강서구,화곡1동,수미유치원,유치원,1997
강서구,화곡8동,신영유치원,유치원,1997
강서구,화곡4동,대유유치원,유치원,1998
강서구,등촌3동,등촌이화유치원,유치원,1998
강서구,방하1동,방화이화유치원,유치원,1998
강서구,화곡4동,새싹유치원,유치원,1998
강서구,가양1동,국제유치원,유치원,1999
강서구,화곡본동,선미유치원,유치원,2003
강서구,가양1동,신세기유치원,유치원,2003
강서구,화곡2동,우일유치원,유치원,2003
강서구,화곡3동,윤서유치원,유치원,2004
강서구,등촌1동,등촌제일유치원,유치원,2007
강서구,화곡6동,동그라미유치원,유치원,1998
강서구,내발산동,예일유치원,유치원,2009
강서구,화곡6동,강서유치원,유치원,2009
강서구,화곡본동,예은유치원,유치원,2014
강서구,공항동,밤비니,유치원,2014
강서구,방화1동,서울마곡유치원,유치원,2015
강서구,강서로 348,우현,유치원,2018
강서구,방화3동,정곡병설,병설유치원,1995
강서구,가양2동,공진병설,병설유치원,1997
강서구,공항동,공항병설,병설유치원,1997
강서구,발산2동,내발산병설,병설유치원,1997
강서구,염창동,염경병설,병설유치원,2005
강서구,화곡본동,화일병설,병설유치원,2005
강서구,화곡6동,교남학교,특수학교,1997
강서구,내발산동,발산,어린이집,2009
강서구,공항동,프란치스코,어린이집,2009
강서구,화곡4동,으뜸,어린이집,2009
강서구,등촌3동,상아,어린이집,2011
강서구,염창동,동산,어린이집,2011
강서구,방화2동,이레,어린이집,2014
강서구,염창동,신원,어린이집,2015
강서구,방화3동,예은,어린이집,2016
강서구,방화2동,구립아이솔,어린이집,2016
강서구,화곡8동,어린왕자,어린이집,2016
강서구,화곡8동,에반,어린이집,2016
강서구,화곡8동,구립까치산,어린이집,2016
강서구,등촌3동,선화,어린이집,2017
강서구,화곡1동,배다리,어린이집,2017
강서구,강서로47바길 21,버클리,어린이집,2018
강서구,마곡중앙10로,사이언스파크,어린이집,2019
강서구,초록마을로106,하늘,어린이집,2019
강서구,강서로17다길 15-14,구립새하늘어린이집,어린이집,2020
강서구,곰달래로53가길6,꿈을여는어린이집,어린이집,2020
강서구,초록마을로40,눈높이런닝센터,학원,2020
강서구,개화동로23길 111,성산어린이집,어린이집,2020
강서구,마곡중앙8로1길 10,구립엠밸리큰나무어린이집,어린이집,2020
강서구,강서로45다길 102,하늘숲어린이집,어린이집,2020
강서구,곰달래로49길 80,스터디플랜독서실,독서실,2020
구로구,개봉3동 산64-21,개명,초등학교,1996
구로구,개봉3동 266,개봉,초등학교,1995
구로구,개봉3동 산53-25,개웅,초등학교,1997
구로구,고척1동 76-10,고산,초등학교,1995
구로구,고척동 66-26,고원,초등학교,2004
구로구,고척1동 경서로 35,고척,초등학교,1995
구로구,구로3동 253번지,구로남,초등학교,1995
구로구,구로동 443번지,구로,초등학교,1995
구로구,구로1동 685-221,구일,초등학교,1996
구로구,고척2동 217,덕의,초등학교,1995
구로구,구로6동 93번지,동구로,초등학교,1995
구로구,개봉1동 3번지,매봉,초등학교,1995
구로구,구로5동 3-13,미래,초등학교,2001
구로구,고척2동 253 ,세곡,초등학교,1995
구로구,구로5동 105,신구로,초등학교,1996
구로구,신도림동 303 ,신도림,초등학교,1997
구로구,신도림동 398-28,신미림,초등학교,2001
구로구,구로3동 165-1,영서,초등학교,1996
구로구,가리봉동 영일길 23,영일,초등학교,1996
구로구,오류2동 191-1,오류남,초등학교,1996
구로구,오류동 산 15번지,오류,초등학교,1996
구로구,오류2동 108-28,오정,초등학교,1995
구로구,온수동 산 2-8,온수,초등학교,1997
구로구,천왕동,천왕,초등학교,2011
구로구,천왕동 오리로 1106,하늘숲,초등학교,2018
구로구,항동 연동로 178,항동,초등학교,2018
구로구,구로3동 796-1,꿀벌,유치원,1998
구로구,오류1동 14-391,나비,유치원,1998
구로구,오류2동 150,버들,유치원,1998
구로구,구로1동 700-55,신도,유치원,2006
구로구,온수동 73-1,예쁨,유치원,1998
구로구,개봉2동 259-35,미림,유치원,2009
구로구,신도림동 290외 1,사랑,유치원,2009
구로구,오류2동 108-80,동정성모,유치원,1995
구로구,구로2동 708-25,서울남,유치원,2010
구로구,오류1동 18-8,혜원,유치원,2010
구로구,오류동 295,푸른동산(구숲속나무),유치원,2013
구로구,구로구 천왕2지구 택지지구 내,하늘숲,유치원,2014
구로구,고척동 경서로 35,고척초병설,병설유치원,2010
구로구,개봉1동 3,매봉초병설,병설유치원,2010
구로구,구로5동 3-13,미래초병설,병설유치원,2010
구로구,신도림중앙길 22-1,신미림초병설,병설유치원,2010
구로구,구로3동 영서길 29,영서초병설,병설유치원,2010
구로구,개봉3동 266,개봉초병설,병설유치원,2010
구로구,오류동 223-5,지구촌학교,특수학교,2018
구로구,궁동 242,정진특수학교,특수학교,2007
구로구,항동 1-1,성베드로,특수학교,2007
구로구,구로2동 705-11,구로삼성,어린이집,2010
구로구,구로1동 685-219,구일,어린이집,2009
구로구,고척1동 52-316,남산,어린이집,2010
구로구,개봉3동 354-6,지암,어린이집,2010
구로구,궁동 283-9,궁동,어린이집,2010
구로구,개봉3동 478,광진선교,어린이집,2010
구로구,오류1동 31,세라핌,어린이집,2010
구로구,구로동 701-186,LG전자구로,어린이집,2013
구로구,구로동 549-8,샛별,어린이집,2013
구로구,부일로17길 5,샘소슬,어린이집,2014
구로구,서해안로28길 18,예쁜별,어린이집,2014
구로구,구로동로7길 27,예뜰,어린이집,2016
구로구,경인로20가길 24,코레일오류동,어린이집,2019
구로구,연동로 284,항동,어린이집,2016
금천구, 독산2동 ,문교,초등학교,1995
금천구, 시흥4동 ,신흥,초등학교,1995
금천구, 독산3동,영남,초등학교,1995
금천구, 독산1동,두산,초등학교,1995
금천구, 독산1동 ,가산,초등학교,1995
금천구, 독산2동 ,독산,초등학교,1995
금천구, 시흥5동 ,백산,초등학교,1995
금천구, 시흥2동 ,탑동,초등학교,1995
금천구, 독산1동 ,안천,초등학교,1996
금천구, 독산3동 ,문성,초등학교,1996
금천구, 독산4동 ,정심,초등학교,1996
금천구, 시흥1동 ,문백,초등학교,1997
금천구, 시흥5동 ,금천,초등학교,1997
금천구, 시흥1동 ,시흥,초등학교,1997
금천구, 시흥3동,금산,초등학교,1998
금천구, 시흥2동,동광,초등학교,2003
금천구, 시흥2동 ,금동,초등학교,2003
금천구,독산1동,금나래(2017개교),초등학교,2016
금천구, 독산2동 ,독산유치원,유치원,1998
금천구, 가산동,시내유치원,유치원,1999
금천구,시흥2동,탑동단설,유치원,2010
금천구,시흥5동,서울국악,유치원,2010
금천구, 시흥1동 ,조형유치원,유치원,2009
금천구, 독산3동 ,동산 유치원,유치원,2010
금천구,독산1동,두산병설,병설유치원,2010
금천구,시흥5동,백산병설,병설유치원,2010
금천구, 독산4동,정심,어린이집,1999
금천구, 독산3동,개미,어린이집,1999
금천구, 시흥5동,시흥5동,어린이집,2006
금천구, 시흥5동,자연유아,어린이집,2006
금천구, 가산동 ,모아래,어린이집,2006
금천구, 시흥1동 ,꿈나래,어린이집,2009
금천구, 시흥5동 ,본동,어린이집,2009
금천구, 독산1동 ,기쁨,어린이집,2009
금천구, 가산동,가산,어린이집,2011
금천구, 가산동 ,샛별,어린이집,2011
금천구, 시흥1동,양문,어린이집,2011
금천구, 독산3동,한울아트스쿨,어린이집,2011
금천구,독산3동,독산본동,어린이집,2012
금천구,독산2동,옥계,어린이집,2012
금천구,시흥4동,시흥4동,어린이집,2012
금천구,시흥1동,금주,어린이집,2012
금천구,시흥3동,새길,어린이집,2012
금천구,독산2동 1062-10,해솔예술,어린이집,2013
금천구,독산3동 906-28,애경,어린이집,2013
금천구,독산2동 ,새롬,어린이집,2015
영등포구,신길1동 122,영신,초등학교,1995
영등포구,양평동4가 323,당산,초등학교,1995
영등포구,당산동5가 5,당서,초등학교,1995
영등포구,양평동3가 13,당중,초등학교,1995
영등포구,문래3가 77-17,문래,초등학교,1995
영등포구,여의도동 40-3,여의도,초등학교,1995
영등포구,당산동6가 121,영동,초등학교,1995
영등포구,영등포동7가 53,영중,초등학교,1995
영등포구,신길6동 4515,대길,초등학교,1995
영등포구,대림2동 702,대동,초등학교,1995
영등포구,신길5동 341-1,대영,초등학교,1995
영등포구,신길3동 288,도림,초등학교,1995
영등포구,대림3동 741-3,도신,초등학교,1995
영등포구,대림3동 781,신영,초등학교,1995
영등포구,문래동2가 35,영등포,초등학교,1996
영등포구,여의도동 38,윤중,초등학교,1996
영등포구,대림2동 993,영림,초등학교,1996
영등포구,대림1동 970-1,신대림,초등학교,1997
영등포구,신길7동 1444,대방,초등학교,1998
영등포구,신길4동 210,우신,초등학교,1998
영등포구,영등포동1가 624-18,영원,초등학교,2001
영등포구,문래동6가 13,영문,초등학교,2005
영등포구,양평동3가 91,선유,초등학교,2007
영등포구,신길3동 369,성락,유치원,1995
영등포구,영등포동8가 70,한영교회,유치원,1997
영등포구,신길4동 4916-15,에덴,유치원,1998
영등포구,영등포동8가 84,영중,유치원,1998
영등포구,여의도동 53-13,침례,유치원,1998
영등포구,신길7동 890,성모,유치원,1999
영등포구,양평동1가 20,청은,유치원,2008
영등포구,신길4동 4903-20,동천,유치원,2008
영등포구,신길3동 268-1,명신,유치원,2008
영등포구,신길2동 170-7,신라,유치원,2008
영등포구,신길3동 365,우성,유치원,2008
영등포구,대림3동 608-1,큰나무,유치원,2008
영등포구,대림3동 652-1,파란나라,유치원,2008
영등포구,당산동3가 79,은하,유치원,2009
영등포구,대림3동 670-1,파랑새,유치원,2009
영등포구,대림1동 912-46,평강,유치원,2009
영등포구,당산동5가 7-54,평화,유치원,2009
영등포구,양평동5가 76,한신혜원,유치원,2009
영등포구,신길5동 253-242,성미,유치원,2009
영등포구,양평동3가 8-2,영은,유치원,2010
영등포구,도영로 22길 22,돈보스꼬,유치원,2012
영등포구,양평동3가 13,당중병설,병설유치원,2010
영등포구,대림2동 702,대동병설,병설유치원,2010
영등포구,대림3동 741-3,도신병설,병설유치원,2010
영등포구,문래동2가 35,영등포병설,병설유치원,2010
영등포구,대림2동 993,영림병설,병설유치원,2010
영등포구,영등포동7가 53,영중병설,병설유치원,2010
영등포구,여의도동 38,윤중병설,병설유치원,2010
영등포구,신길5동 440-53,구립신길5동,어린이집,2009
영등포구,여의도동 1,국회,어린이집,2009
영등포구,당산동6가 121-98,남서울,어린이집,2009
영등포구,당산동3가 475,무지개영재,어린이집,2009
영등포구,문래동5가 19-8,신이화,어린이집,2009
영등포구,양평동1가 211-1,양평1동,어린이집,2009
영등포구,신길6동 4260,은석,어린이집,2009
영등포구,대림3동 777,해태,어린이집,2009
영등포구,신길6동 3741-18,꿈나무,어린이집,2011
영등포구,신길7동 869,하정,어린이집,2011
영등포구,신길4동 232-20,하나푸르니신길,어린이집,2011
영등포구,신길4동 239-1,영신,어린이집,2011
영등포구,양평동3가 36,양평3가,어린이집,2012
영등포구,은행로 14,KDB,어린이집,2014
영등포구,선유동1로 80,선재,어린이집,2017
동작구,상도1동501,강남,초등학교,1995
동작구,사당1동 1011-1,남사,초등학교,1995
동작구,사당3동 산24,남성,초등학교,1995
동작구,노량진1동 238,노량진,초등학교,1997
동작구,대방동391-62,대림,초등학교,1997
동작구,동작동 산9-1,동작,초등학교,1997
동작구,신대방1동 640,문창,초등학교,1995
동작구,신대방1동 485-1,보라매,초등학교,2005
동작구,본동 133,본동,초등학교,1997
동작구,상도4동 238-2,상도,초등학교,1997
동작구,대방동 산28,신길,초등학교,1996
동작구,사당5동 418-1,신남성,초등학교,1995
동작구,상도2동 산65,신상도,초등학교,1995
동작구,본동 441-11,영본,초등학교,1997
동작구,대방동 44-3,영화,초등학교,1995
동작구,흑석1동 245,은로,초등학교,1996
동작구,사당5동 236-4,행림,초등학교,1996
동작구,흑석동 7-1,흑석,초등학교,1998
동작구,흑석1동 233,중대부속,초등학교,1996
동작구,사당3동 산18-34,상일,초등학교,2007
동작구,상도동 134-600,상현,초등학교,2012
동작구,상도1동 660-2,강남유치원,유치원,2009
동작구,사당1동 1017-30,동그라미유치원,유치원,1995
동작구,노량진동 325-1,동아유치원,유치원,2003
동작구,흑석동 186,명수유치원,유치원,1998
동작구,노량진1동 225-57,벧엘유치원,유치원,1997
동작구,대방동 414-3,사랑유치원,유치원,2003
동작구,상도1동 415,상도유치원,유치원,2009
동작구,상도4동 211-1,상아유치원,유치원,1998
동작구,상도동 산 65-225,행복유치원,유치원,2009
동작구,상도4동 244-337,승혜유치원,유치원,1998
동작구,상도3동 256-175,애광유치원,유치원,1998
동작구,신대방1동 607-32,양문유치원,유치원,1997
동작구,대방동 503-1,열림유치원,유치원,1997
동작구,신대방1동 707,요요유치원,유치원,2003
동작구,흑석1동 211-32,중앙대부속유치원,유치원,1999
동작구,상도동 134-160,샛별유치원,유치원,2014
동작구,동작동 102-60,하랑숲유치원,유치원,2017
동작구,만양로8길 50,시현유치원,유치원,2018
동작구,만양로26,행복한숲,유치원,2019
동작구,사당5동 418-1,신남성초교병설,병설유치원,1995
동작구,흑석1동 245,은로초교병설,병설유치원,1996
동작구,상도4동 212-128,삼성,특수학교,1995
동작구,사당3동 1133,양지,어린이집,2006
동작구,사당5동 235-61,우리,어린이집,2006
동작구,상도동 511,예담,어린이집,2006
동작구,사당1동 1012-23,참사랑,어린이집,2006
동작구,상도3동 산77-1,연꽃,어린이집,2006
동작구,대방동 386-2,꿈나무,어린이집,2007
동작구,상도1동 159-403,상도,어린이집,2010
동작구,사당동 1131-4,문화,어린이집,2013
동작구,상도동 271,성대,어린이집,2014
동작구,흑석동 54-236,큰별,어린이집,2014
동작구,사당1동 1011-1,다문화(남사초 포함),어린이집,2012
동작구,상도3동 256-175,애광(애광유치원포함),어린이집,2012
동작구,상도4동 211-1,노벨(상아유치원 포함),어린이집,2012
동작구,사당동 316-56,사당4,어린이집,2019
동작구,서달로61,흑석,어린이집,2020
동작구,흑석로13길 25,도레미,어린이집,2020
동작구,성대로16길 21,윤슬,어린이집,2021
동작구,동작대로35길 36,이수,어린이집,2021
동작구,사당로16길 82,미래연미술,학원,2020
동작구,사당로16길 90,튼튼영어,학원,2020
동작구,동작대로 29길 77,동작시사,학원,2020
동작구,대방동길 83,대방유투엠,학원,2020
동작구,성대로 69,참음악,학원,2020
관악구,청룡동,관악,초등학교,1995
관악구,성현동,구암,초등학교,1995
관악구,난곡동,난곡,초등학교,1995
관악구,미성동,난우,초등학교,1995
관악구,난향동,난향,초등학교,1995
관악구,신사동,남부,초등학교,1995
관악구,보라매동,당곡,초등학교,1995
관악구,미성동,미성,초등학교,1995
관악구,남현동,사당,초등학교,1995
관악구,삼성동,신우,초등학교,1995
관악구,행운동,원당,초등학교,1995
관악구,낙성대동,인헌,초등학교,1995
관악구,청룡동,청룡,초등학교,1995
관악구,대학동,삼성,초등학교,1996
관악구,신원동,신림,초등학교,1996
관악구,중앙동,신봉,초등학교,1996
관악구,은천동,은천,초등학교,1996
관악구,행운동,봉천,초등학교,1998
관악구,서림동,신성,초등학교,1998
관악구,청림동,봉현,초등학교,2003
관악구,삼성동,원신,초등학교,2003
관악구,조원동,조원,초등학교,2005
관악구,신사동,건영,유치원,1997
관악구,행운동,동원,유치원,1998
관악구,은천동,배꽃,유치원,1997
관악구,성현동,소슬,유치원,1997
관악구,인헌동,은아,유치원,1997
관악구,청림동,현대,유치원,1997
관악구,삼성동,명성,유치원,1998
관악구,성현동,새소슬,유치원,1998
관악구,남현동,새싹,유치원,1998
관악구,난곡동,애동,유치원,1998
관악구,행운동,종인,유치원,1998
관악구,서림동,하늘,유치원,1998
관악구,미성동,한별,유치원,1998
관악구,청림동,청림,유치원,2005
관악구,난향동,꿈나라,유치원,2009
관악구,서림동,영그린,유치원,2015
관악구,삼성동,신우단설,단설유치원,2010
관악구,청룡동,관악병설,병설유치원,2010
관악구,난곡동,난곡병설,병설유치원,2010
관악구,행운동,봉천병설,병설유치원,2010
관악구,대학동,삼성병설,병설유치원,2010
관악구,서림동,신성병설,병설유치원,2010
관악구,행운동,원당병설,병설유치원,2010
관악구,은천동,은천병설,병설유치원,2010
관악구,청룡동,청룡병설,병설유치원,2010
관악구,보라매동,새롬학교,특수학교,1997
관악구,난향동,서울정문학교,특수학교,1997
관악구,인헌동,인헌,어린이집,2015
관악구,은천동,선봉,어린이집,1997
관악구,미성동,다원,어린이집,2010
관악구,청림동,도담,어린이집,2010
관악구,신사동,새빛,어린이집,2010
관악구,조원동,구립 아름꿈노아,어린이집,1997
관악구,조원동,문성,어린이집,2007
관악구,삼성동,미림,어린이집,2013
관악구,삼성동,합실,어린이집,2013
관악구,서원동,서원,어린이집,2013
관악구,난곡동,미래클,어린이집,2015
관악구,미성동,초롱별,어린이집,2018
관악구,보라매동,아뜰,어린이집,2017
관악구,인헌동,금빛,어린이집,2021
관악구,신림동,난향,어린이집,2021
관악구,행운동,큰솔아이들,학원,2003
관악구,봉천동,청담에이프릴어학원,학원,2021
관악구,봉천동,관악분원정상어학원,학원,2021
관악구,미성동,앤플러스학원,학원,2020
관악구,미성동,청맥보습학원,학원,2020
관악구,난곡동,꿈이크는 보습학원,학원,2020
관악구,난곡동,강남예일 보습학원,학원,2020
관악구,난곡동,오름 보습학원,학원,2020
서초구,서초3동 1466-6,신중,초등학교,1996
서초구,서초1동 1436-8,서일,초등학교,1998
서초구,방배4동 861-1,방배,초등학교,1998
서초구,서초4동 1310-6,서초,초등학교,1996
서초구,방배3동 산 81-1,방현,초등학교,1996
서초구,헌릉로8길42,언남,초등학교,2014
서초구,방배1동 167-4,방일,초등학교,1996
서초구,방배2동 468-6,이수,초등학교,1998
서초구,방배본동 771,서래,초등학교,1995
서초구,양재1동 101,양재,초등학교,1996
서초구,서초2동 1334-2,서이,초등학교,1996
서초구,서초4동 1685-1,원명,초등학교,1998
서초구,잠원동 54-5,신동,초등학교,1998
서초구,반포본동 937,반포,초등학교,1996
서초구,반포1동 30-8,서원,초등학교,1996
서초구,반포3동 1-3,반원,초등학교,1995
서초구,양재1동 58,우암,초등학교,1996
서초구,서초1동 1650,교대부속,초등학교,1996
서초구,반포2동 17,잠원,초등학교,1995
서초구,반포2동 6-1,계성,초등학교,2006
서초구,반포1동 21,원촌,초등학교,1995
서초구,양재2동 323-1,매헌,초등학교,2008
서초구,방배4동 822-29,우면,초등학교,2012
서초구,서초2동 1360-26,우솔,초등학교,2013
서초구,양재2동 399-1,구룡,유치원,1999
서초구,잠원동 56-3,하나,유치원,1998
서초구,서초1동 1634-1,석문,유치원,1999
서초구,양재1동 154-2,양재천사,유치원,1999
서초구,방배동 831-13,새순,유치원,2010
서초구,잠원동 70-3,한신,유치원,2010
서초구,반포2동 4-1,반포성모,유치원,2010
서초구,방배3동 981-2,새성민,유치원,2010
서초구,반포2동 4-10,영생,유치원,2010
서초구,양재대로 2길 100-64,서초,유치원,2014
서초구,청계산로11길 14,서울청계숲,유치원,2015
서초구,태봉로2길 21,예원,유치원,2013
서초구,반포본동 937,반포병설,병설유치원,2010
서초구,방배4동 861-1,방배병설,병설유치원,2010
서초구,방배본동 771,서래병설,병설유치원,2010
서초구,서초4동 1685-1,원명병설,병설유치원,2010
서초구,헌릉로8길42,언남병설,병설유치원,2014
서초구,방배4동 822-29,우면병설,병설유치원,2012
서초구,양재1동 58,우암병설,병설유치원,1996
서초구,양재대로2길 74,우솔병설,병설유치원,2013
서초구,내곡동 1-1328,다니엘학교,특수학교,1997
서초구,서래로 7,서울프랑스학교,외국인학교,2018
서초구,신반포로15길 6,덜위치칼리지서울영국학교,외국인학교,2006
서초구,신반포로19길 26,신반포(보육지원센터),어린이집,2006
서초구,방배3동 1027-6,서초,어린이집,2008
서초구,반포1동 703-1,반포1동,어린이집,2008
서초구,반포4동 54-9,서초성모,어린이집,2008
서초구,서초1동 1642-15,서초연꽃,어린이집,2008
서초구,서초2동 1353-3,서초장미,어린이집,2008
서초구,서초1동 1607-5,푸르니서초,어린이집,2008
서초구,방배3동 530-55,서초중앙,어린이집,2008
서초구,방배4동 822-29,아람마주이야기,어린이집,2008
서초구,서초2동 1360-26,서초구청직장,어린이집,2008
서초구,서초중앙로33길 10 (53-6),하나푸르니,어린이집,2014
서초구,사평대로 28길 70 (74-7),반포서래,어린이집,2014
서초구,반포4동 107-87번지,반포,어린이집,2013
서초구,신반포로33길 22,사랑의,어린이집,2016
서초구,서초대로74길 30,샤이닝키즈,어린이집,2017
서초구,전원말길 6,남태령,어린이집,2018
서초구,반포대로 310-5,구립서초남서울,어린이집,2018
서초구,효령로8길 24,도레미,어린이집,2008
서초구,청계산로11길 10,청계산반디빅스맘,어린이집,2015
서초구,서초중앙로 96,구립 서울교육대학교사향,어린이집,2008
서초구,방배천로 48,서정,어린이집,2009
서초구,서초대로74길 11,서초1삼성,어린이집,2017
서초구,서초대로74길 4,서초2삼성,어린이집,2017
서초구,방배중앙로15길 22,아가야,어린이집,1998
서초구,사평대로 273,서초구립 반포1동주민센터,어린이집,1995
서초구,사평대로 253,산성몬테소리,어린이집,1995
서초구,언남9길 7-11,근하,어린이집,2008
서초구,남부순환로 2610,양재복지관,어린이집,2016
서초구,남부순환로 2610,양재종합사회복지관 방과후,어린이집,2016
서초구,바우뫼로37길 9 ,텀블랜드,어린이집,2019
서초구,논현로5길 15-5 ,양재별하,어린이집,2019
서초구,언남16길 37 ,양재목련,어린이집,2019
서초구,서초대로19길 16 ,방배4동,어린이집,2019
서초구,서초대로58길 35-6 ,서초1동하은,어린이집,2019
서초구,청두곶2길 33 ,도구머리,어린이집,2019
서초구,헌릉로 226 ,내곡연두,어린이집,2019
서초구,논현로5길 28 ,니꼴라오,어린이집,2019
서초구,강남대로95길 48-58 ,잠원꿈밭,어린이집,2019
서초구,동광로11길 86 ,방배본동 행복한,어린이집,2019
서초구,방배로19길 36-8 ,방배,어린이집,2019
서초구,방배천로18길 36-8 ,서초구립예아,어린이집,2019
서초구,방배로 173 ,서초구립방배열린,어린이집,2019
서초구,염곡말길 17-6 ,현대양재,어린이집,2019
서초구,사평대로55길 90 ,반포복지관,어린이집,2019
서초구,서초구 서운로26길 3,누리아미,어린이집,2019
강남구,대치동,대곡,초등학교,1995
강남구,세곡동,대왕,초등학교,1995
강남구,대치동,대현,초등학교,1995
강남구,대치동,도곡,초등학교,1995
강남구,역삼동,도성,초등학교,1995
강남구,삼성동,봉은,초등학교,1995
강남구,삼성동,삼릉,초등학교,1995
강남구,청담동,청담,초등학교,1995
강남구,개포동,포이,초등학교,1995
강남구,논현동,논현,초등학교,1996
강남구,신사동,신구,초등학교,1996
강남구,청담동,언북,초등학교,1996
강남구,일원동,영희,초등학교,1996
강남구,일원동,일원,초등학교,1996
강남구,논현동,학동,초등학교,1996
강남구,개포동,개원,초등학교,1997
강남구,개포동,개일,초등학교,1997
강남구,개포동,구룡,초등학교,1997
강남구,수서동,대도,초등학교,1997
강남구,수서동,대모,초등학교,1997
강남구,일원동,대진,초등학교,1997
강남구,수서동,수서,초등학교,1997
강남구,압구정동,압구정,초등학교,1997
강남구,도곡동,언주,초등학교,1997
강남구,역삼동,역삼,초등학교,1997
강남구,수서동,왕북,초등학교,1997
강남구,일원동,대청,초등학교,1998
강남구,대치동,대치,초등학교,1998
강남구,개포동,양전,초등학교,1998
강남구,세곡동,세명,초등학교,2012
강남구,율현동,율현,초등학교,2013
강남구,자곡동,자곡,초등학교,2015
강남구,개포동,돌샘,유치원,1997
강남구,개포동,신양,유치원,1997
강남구,개포동,이화,유치원,1997
강남구,삼성동,영동제일,유치원,1997
강남구,수서동,소망,유치원,1998
강남구,대치동,묘동,유치원,1999
강남구,일원동,푸른,유치원,1999
강남구,청담동,성요셉,유치원,1999
강남구,논현동,강남,유치원,2005
강남구,수서동,반디,유치원,2007
강남구,개포동,초원,유치원,2007
강남구,논현동,성결,유치원,2007
강남구,도곡동,도곡렉슬,유치원,2009
강남구,압구정동,아란,유치원,2010
강남구,세곡동,은곡,유치원,2015
강남구,청담동,청담몬테소리,유치원,2013
강남구,수서동,강남유정,유치원,2019
강남구,역삼동,역삼병설,병설유치원,2010
강남구,개포동,개포단설,단설유치원,2010
강남구,대치동,대현병설,병설유치원,2010
강남구,수서동,수서병설,병설유치원,2010
강남구,일원동,밀알학교,특수학교,1998
강남구,삼성동,정애,특수학교,2010
강남구,대치동,아카데미,외국인학교,1998
강남구,논현동,연화,어린이집,2011
강남구,삼성동,한별,어린이집,2011
강남구,삼성동,삼성,어린이집,2011
강남구,삼성동,오르다,어린이집,2011
강남구,삼성동,선릉삼성,어린이집,2011
강남구,논현동,논현,어린이집,2011
강남구,청담동,준현,어린이집,2011
강남구,세곡동,푸른,어린이집,2011
강남구,일원동,자람,어린이집,2011
강남구,일원동,목련,어린이집,2011
강남구,대치동,대치,어린이집,2011
강남구,대치동,한티,어린이집,2011
강남구,대치동,킹스키즈,어린이집,2011
강남구,신사동,선재,어린이집,2011
강남구,도곡동,성아,어린이집,2011
강남구,청담동,청수,어린이집,2011
강남구,청담동,튼튼영재,어린이집,2011
강남구,삼성동,강남구청직장,어린이집,2012
강남구,대치동,구민회관,어린이집,2012
강남구,신사동,신사,어린이집,2012
강남구,논현동,보미나,어린이집,2012
강남구,청담동,청담 ,어린이집,2012
강남구,역삼동,역삼,어린이집,2012
강남구,도곡동,선우,어린이집,2012
강남구,수서동,수서 ,어린이집,2012
강남구,일원동,일원 ,어린이집,2012
강남구,신사동,압구정,어린이집,2012
강남구,청담동,GKL 행복,어린이집,2012
강남구,개포동,강남동산,어린이집,2012
강남구,압구정동,압구정아람,어린이집,2013
강남구,개포동,강남,어린이집,2013
강남구,율현동,방죽,어린이집,2013
강남구,신사동,바롬,어린이집,2013
강남구,역삼동,역삼가애,어린이집,2013
강남구,개포동,아이뜰,어린이집,2013
강남구,개포동,해맑은,어린이집,2013
강남구,일원동,대청,어린이집,2013
강남구,역삼동,충현,어린이집,2016
강남구,자곡동,세곡햇빛,어린이집,2017
강남구,대치동,한울,어린이집,2018
강남구,일원동,미담,어린이집,2019
강남구,삼성동,아이앤,어린이집,2019
강남구,개포동,예지,어린이집,2020
강남구,대치동,보람,어린이집,2020
강남구,대치동,강남최강학원,학원,2020
강남구,대치동,새움학원,학원,2020
강남구,대치동,시대인재15학원,학원,2020
강남구,대치동,시대인재2관학원,학원,2020
강남구,대치동,시대인재98학원,학원,2020
강남구,대치동,시대인재99학원,학원,2020
강남구,대치동,시대인재학원,학원,2020
강남구,대치동,신어지은마학원,학원,2020
강남구,대치동,씨앤씨미술학원,학원,2020
강남구,대치동,프라임스템경원학원,학원,2020
강남구,대치동,한티매쓰학원,학원,2020
강남구,대치동,소마대치본원,학원,2020
강남구,대치동,씨엔에이논술,학원,2020
강남구,대치동,미래탐구학원,학원,2020
강남구,대치동,짱솔학원,학원,2020
강남구,대치동,파르테논어학원,학원,2020
송파구,가락2동163,가동,초등학교,2007
송파구,송파대로37길 45,가락,초등학교,2019
송파구,문정2동105-10,가원,초등학교,2006
송파구,가락2동140-6,가주,초등학교,2005
송파구,오금동159,개롱,초등학교,2008
송파구,오금동108-1,거여,초등학교,2003
송파구,거여동296-1,거원,초등학교,2007
송파구,마천동53,남천,초등학교,2006
송파구,마천1동183-4,마천,초등학교,2005
송파구,문정1동90-3,문덕,초등학교,2006
송파구,문정1동12,문정,초등학교,2004
송파구,장지동185-2,문현,초등학교,2008
송파구,방이1동220,방산,초등학교,2005
송파구,방이1동167,방이,초등학교,2004
송파구,잠실3동35-6,버들,초등학교,2015
송파구,삼전동63,삼전,초등학교,2005
송파구,석촌동267,석촌,초등학교,2005
송파구,오륜동89-23,세륜,초등학교,2006
송파구,송파구 위례순환로 439,송례,초등학교,2013
송파구,잠실동44-2,송전,초등학교,2007
송파구,송파1동114,송파,초등학교,2004
송파구,가락본동43-1,신가,초등학교,2005
송파구,잠실5동27,신천,초등학교,2007
송파구,잠실7동354,아주,초등학교,2006
송파구,거여동12,영풍,초등학교,2005
송파구,오금동7,오금,초등학교,2006
송파구,방이동89-16,오륜,초등학교,2007
송파구,송파구 위례광장로 243,위례별,초등학교,2016
송파구,신천동7-2,잠동,초등학교,2007
송파구,잠실동22-4,잠신,초등학교,2008
송파구,신천동20-1,잠실,초등학교,2008
송파구,잠실2동19-1,잠일,초등학교,2008
송파구,잠실본동229,잠전,초등학교,2006
송파구,신천동20-1,잠현,초등학교,2008
송파구,송파2동191,중대,초등학교,2005
송파구,풍납2동191,토성,초등학교,2006
송파구,가락본동106,평화,초등학교,2006
송파구,풍납1동165,풍납,초등학교,2005
송파구,풍납2동338-8,풍성,초등학교,2006
송파구,송파대로37길 95,해누리,초등학교,2019
송파구,송파1동24,기린,유치원,2011
송파구,잠실7동101-8,꿈밭,유치원,2011
송파구,풍납2동238-2,동화나라,유치원,2009
송파구,석촌동160-1,불광,유치원,2009
송파구,장지동45,아이코리아세새대,유치원,2009
송파구,장지동843-2,생명나무,유치원,2009
송파구,석촌동281-6,석촌,유치원,2007
송파구,송파구 위례신도시 내,솔가람,유치원,2014
송파구,방이동45-4,수정,유치원,2009
송파구,송파동162-3,시연,유치원,2008
송파구,거여동295,아준,유치원,2010
송파구,송파2동395,예은,유치원,2009
송파구,가락동125-10,은선,유치원,2008
송파구,가락동193-9,제일무궁화,유치원,2008
송파구,송파대로36길 32-6,티움,유치원,2016
송파구,신천동20-52,햇빛,유치원,2009
송파구,가락2동186-8,해림,유치원,2009
송파구,가락1동477,가락병설,병설유치원,2010
송파구,오금동108-1,거여병설,병설유치원,2010
송파구,오륜동89-23,세륜병설,병설유치원,2010
송파구,잠실3동44-2,송전병설,병설유치원,2010
송파구,잠실3동27-1,신천병설,병설유치원,2010
송파구,잠실2동22-10,잠신병설,병설유치원,2010
송파구,잠실2동19-1,잠일병설,병설유치원,2010
송파구,가락본동16,가락본동,어린이집,2010
송파구,거여동 178-123,가원,어린이집,2015
송파구,거여1동20-7,거여,어린이집,2010
송파구,마천2동44-7,금륜,어린이집,2010
송파구,마천2동38,뉴한가람,어린이집,2010
송파구,마천1동183-56,마천,어린이집,2010
송파구,장지동291-1,버들,어린이집,2010
송파구,풍납2동503-1,사랑,어린이집,2009
송파구,마천2동127-1,산성,어린이집,2010
송파구,성촌동156-5,리라,어린이집,2010
송파구,송파1동106-9,송파제일,어린이집,2006
송파구,풍납2동388,아산병원,어린이집,2006
송파구,풍납2동401-1,열매,어린이집,2006
송파구,석촌동 150-11,예랑,어린이집,2018
송파구,잠실동 331,예일,어린이집,2017
송파구,오금동114-31,오금,어린이집,2006
송파구,가락동 131-12,은송,어린이집,2020
송파구,신천동17,잠실,어린이집,2010
송파구,마천1동211-86,천마,어린이집,2009
송파구,마천2동93-5,천사,어린이집,2010
송파구,풍납2동403-4,풍납,어린이집,2009
송파구,풍납1동485-14,풍성,어린이집,2010
송파구,송파1동113-2,행복한,어린이집,2011
송파구,장지동848-1,한국육영학교,특수학교,2009
강동구,고덕동,강덕,초등학교,1996
강동구,천호동,강동,초등학교,1995
강동구,상일동,강명,초등학교,2011
강동구,강일동,강일,초등학교,1995
강동구,고덕동,고덕,초등학교,1995
강동구,명일동,고명,초등학교,1995
강동구,상일동,고일,초등학교,1998
강동구,길동,길동,초등학교,1996
강동구,명일동,대명,초등학교,1995
강동구,둔촌동,둔촌,초등학교,1998
강동구,고덕동,명덕,초등학교,1998
강동구,명일동,명원,초등학교,1996
강동구,명일동,명일,초등학교,1997
강동구,고덕동,묘곡,초등학교,1998
강동구,상일동,상일,초등학교,1998
강동구,둔촌동,선린,초등학교,1995
강동구,암사동,선사,초등학교,2001
강동구,성내동,성내,초등학교,1995
강동구,성내동,성일,초등학교,1995
강동구,길동,신명,초등학교,1998
강동구,암사동,신암,초등학교,1997
강동구,둔촌동,위례,초등학교,1995
강동구,길동,천동,초등학교,1995
강동구,천호동,천일,초등학교,1995
강동구,천호동,천호,초등학교,1995
강동구,둔촌동,한산,초등학교,1997
강동구,강일동,강솔,초등학교,2017
강동구,상일동,고현,초등학교,2020
강동구,강일동,강빛,초등학교,2021
강동구,천호동,천호,유치원,1997
강동구,천호동,화랑,유치원,1997
강동구,성내동,유정,유치원,1998
강동구,명일동,가람,유치원,1998
강동구,명일동,녹원,유치원,1998
강동구,길동,한성,유치원,1998
강동구,명일동,은새,유치원,1998
강동구,길동,반석,유치원,1999
강동구,성내동,준현,유치원,2003
강동구,천호동,오송,유치원,2003
강동구,고덕동,성보나,유치원,2009
강동구,암사동,예슬,유치원,2009
강동구,둔촌동,둔촌,유치원,2010
강동구,천호동,구강사,유치원,2010
강동구,고덕동,명덕,유치원,2010
강동구,명일동,명일,유치원,2010
강동구,상일동,고덕,유치원,2012
강동구,강일동,강동유정,유치원,2012
강동구,강일동 아리수로98길 62,강일늘사랑,유치원,2014
강동구,길동,그리새,유치원,2020
강동구,상일동,한영병설,병설유치원,2020
강동구,고덕동,강덕병설,병설유치원,2010
강동구,명일동,고명병설,병설유치원,2010
강동구,길동,길동병설,병설유치원,2010
강동구,둔촌동,선린병설,병설유치원,2010
강동구,둔촌동,위례병설,병설유치원,2010
강동구,상일동,주몽,특수학교,1997
강동구,고덕동,한국구화학교,특수학교,1997
강동구,강일동,강일,어린이집,2009
강동구,고덕동,고일,어린이집,2007
강동구,암사동,암사,어린이집,2007
강동구,둔촌동,둔촌,어린이집,2010
강동구,천호동,곡교,어린이집,2010
강동구,길동,성심,어린이집,2010
강동구,고덕동,세정,어린이집,2010
강동구,성내동,예일,어린이집,2010
강동구,암사동,강동아이슐레,어린이집,2010
강동구,천호동,예은,어린이집,2010
강동구,천호동 49-33,라온,어린이집,2013
강동구,성내1동 521-8,그린,어린이집,2013
강동구,둔촌동 452-2,애지,어린이집,2013
강동구,천호3동 555,강동복지관,어린이집,2013
강동구,명일동 338-19,구립초롱별,어린이집,2013
강동구,천호동 양재대로125길 30,강동무지개,어린이집,2015
강동구,명일동 상암로89,푸른숲,어린이집,2015
강동구,천호동 동남로67길 42,예꿈,어린이집,2015
강동구,암사동 고덕로27길 33-19,구립동심,어린이집,2016
강동구,양재대로103길 28,구립은강,어린이집,2017
강동구,아리수로 46-14,구립해나,어린이집,2018
강동구, 성내로18길 19,성내참사랑,어린이집,2018
강동구,고덕로80길 134,고덕숲,어린이집,2019
강동구,길동 천호대로199길 25,자이맘어린이집,어린이집,2015
강동구,암사길 57,구립보람나무,어린이집,2010
강동구,천호동,구립다온,어린이집,2020
강동구,길동,예크트리,학원,2021
강동구,암사동,오르다샘앤클래스암사,학원,2021
