가변전광표지판명,시도명,시군구명,시군구코드,도로종류,도로노선명,도로노선번호,도로노선방향,위도,경도,영상표시면가로길이,영상표시면세로길이,전광판함체가로길이,전광판함체세로길이,전광판높이,설치유형코드,출력방향코드,발광패널유형코드,표출색상,표시유형코드,출력크기,설치연도
주정차단속안내판(스마트CCTV감지기)-주차-001,서울특별시,광진구,11215,구도,아차산로,,,37.5477095,127.106845,2240,320,,,,2,1,1,,2,1단7열,2019
주정차단속안내판(스마트CCTV감지기)-주차-002,서울특별시,광진구,11215,구도,아차산로,,,37.5436034,127.1024311,2240,320,,,,2,1,1,,2,1단7열,2019
주정차단속안내판(스마트CCTV감지기)-주차-003,서울특별시,광진구,11215,구도,능동로,,,37.5520573,127.08948,2240,320,,,,2,1,1,,2,1단7열,2019
주정차단속안내판-주차-004,서울특별시,광진구,11215,구도,군자로,,,37.54891343,127.0707856,2240,320,,,,2,1,1,,2,1단7열,2007
주정차단속안내판(스마트CCTV감지기)-주차-005,서울특별시,광진구,11215,구도,광나루로,,,37.54520037,127.0879805,2240,320,,,,2,1,1,,2,1단7열,2019
주정차단속안내판(스마트CCTV감지기)-주차-006,서울특별시,광진구,11215,구도,자양로,,,37.54601862,127.0862829,2240,320,,,,2,1,1,,2,1단7열,2019
주정차단속안내판(스마트CCTV감지기)-주차-008,서울특별시,광진구,11215,구도,강변역로,,,37.53279221,127.0931221,2240,320,,,,2,1,1,,2,1단7열,2019
주정차단속안내판(스마트CCTV감지기)-주차-009,서울특별시,광진구,11215,구도,강변역로4길,,,37.53512211,127.093133,2240,320,,,,2,1,1,,2,1단7열,2019
주정차단속안내판(스마트CCTV감지기)-주차-010,서울특별시,광진구,11215,구도,광나루로56길,,,37.53784631,127.0963807,2240,320,,,,2,1,1,,2,1단7열,2019
주정차단속안내판(스마트CCTV감지기)-주차-011,서울특별시,광진구,11215,구도,강변역로,,,37.53573933,127.0945536,2240,320,,,,2,1,1,,2,1단7열,2019
주정차단속안내판(스마트CCTV감지기)-주차-012,서울특별시,광진구,11215,구도,강변역로,,,37.53561794,127.0943177,2240,320,,,,2,1,1,,2,1단7열,2019
주정차단속안내판(스마트CCTV감지기)-주차-013,서울특별시,광진구,11215,구도,강변역로4길,,,37.53389064,127.0922927,2240,320,,,,2,1,1,,2,1단7열,2019
주정차단속안내판(스마트CCTV감지기)-주차-014,서울특별시,광진구,11215,구도,광나루로67길,,,37.5381832,127.0972361,2240,320,,,,2,1,1,,2,1단7열,2019
주정차단속안내판(스마트CCTV감지기)-주차-015,서울특별시,광진구,11215,구도,구의강변로,,,37.53480717,127.0916423,2240,320,,,,2,1,1,,2,1단7열,2019
주정차단속안내판(스마트CCTV감지기)-주차-016,서울특별시,광진구,11215,구도,군자로,,,37.55124574,127.0711926,2240,320,,,,2,1,1,,2,1단7열,2019
주정차단속안내판(스마트CCTV감지기)-주차-017,서울특별시,광진구,11215,구도,능동로,,,37.55600026,127.078543,2240,320,,,,2,1,1,,2,1단7열,2019
주정차단속안내판-주차-018,서울특별시,광진구,11215,구도,천호대로,,,37.5586434,127.0754652,2240,320,,,,2,1,1,,2,1단7열,2007
주정차단속안내판(스마트CCTV감지기)-주차-019,서울특별시,광진구,11215,구도,능동로,,,37.54918722,127.0754525,2240,320,,,,2,1,1,,2,1단7열,2019
주정차단속안내판(스마트CCTV감지기)-주차-020,서울특별시,광진구,11215,구도,천호대로,,,37.55465739,127.0856969,2240,320,,,,2,1,1,,2,1단7열,2019
주정차단속안내판(스마트CCTV감지기)-주차-021,서울특별시,광진구,11215,구도,능동로,,,37.5524882,127.0771522,2240,320,,,,2,1,1,,2,1단7열,2019
주정차단속안내판(스마트CCTV감지기)-주차-022,서울특별시,광진구,11215,구도,능동로,,,37.55073516,127.0760005,2240,320,,,,2,1,1,,2,1단7열,2019
주정차단속안내판-주차-023,서울특별시,광진구,11215,구도,뚝섬로,,,37.5322381,127.0790393,2240,320,,,,2,1,1,,2,1단7열,2010
주정차단속안내판(스마트CCTV감지기)-주차-024,서울특별시,광진구,11215,구도,아차산로,,,37.54098975,127.0673982,2240,320,,,,2,1,1,,2,1단7열,2019
주정차단속안내판(스마트CCTV감지기)-주차-025,서울특별시,광진구,11215,구도,뚝섬로,,,37.53668214,127.0633615,2240,320,,,,2,1,1,,2,1단7열,2019
주정차단속안내판-주차-026,서울특별시,광진구,11215,구도,능동로,,,37.56367361,127.0828553,2240,320,,,,2,1,1,,2,1단7열,2010
주정차단속안내판(스마트CCTV감지기)-주차-027,서울특별시,광진구,11215,구도,긴고랑로,,,37.56371373,127.0782585,2240,320,,,,2,1,1,,2,1단7열,2019
주정차단속안내판(스마트CCTV감지기)-주차-028,서울특별시,광진구,11215,구도,동일로,,,37.56160479,127.0747545,2240,320,,,,2,1,1,,2,1단7열,2019
주정차단속안내판(스마트CCTV감지기)-주차-029,서울특별시,광진구,11215,구도,능동로,,,37.55867322,127.0804434,2240,320,,,,2,1,1,,2,1단7열,2019
주정차단속안내판(스마트CCTV감지기)-주차-030,서울특별시,광진구,11215,구도,용마산로,,,37.5577886,127.08805,2240,320,,,,2,1,1,,2,1단7열,2019
주정차단속안내판(스마트CCTV감지기)-주차-031,서울특별시,광진구,11215,구도,천호대로,,,37.55260782,127.0896962,2240,320,,,,2,1,1,,2,1단7열,2019
주정차단속안내판-주차-032,서울특별시,광진구,11215,구도,아차산로,,,37.54119693,127.0677801,2240,320,,,,2,1,1,,2,1단7열,2011
주정차단속안내판-주차-033,서울특별시,광진구,11215,구도,능동로,,,37.54104143,127.0712889,2240,320,,,,2,1,1,,2,1단7열,2011
주정차단속안내판(스마트CCTV감지기)-주차-034,서울특별시,광진구,11215,구도,능동로,,,37.54212483,127.0714359,2240,320,,,,2,1,1,,2,1단7열,2019
주정차단속안내판(스마트CCTV감지기)-주차-035,서울특별시,광진구,11215,구도,능동로,,,37.54094284,127.0709108,2240,320,,,,2,1,1,,2,1단7열,2019
주정차단속안내판(스마트CCTV감지기)-주차-036,서울특별시,광진구,11215,구도,면목로,,,37.5651081,127.0806952,2240,320,,,,2,1,1,,2,1단7열,2019
주정차단속안내판(스마트CCTV감지기)-주차-037,서울특별시,광진구,11215,구도,뚝섬로,,,37.53171591,127.0835094,2240,320,,,,2,1,1,,2,1단7열,2019
주정차단속안내판(스마트CCTV감지기)-주차-039,서울특별시,광진구,11215,구도,자양로,,,37.53213629,127.0854774,2240,320,,,,2,1,1,,2,1단7열,2019
주정차단속안내판(스마트CCTV감지기)-주차-040,서울특별시,광진구,11215,구도,능동로,,,37.56763901,127.0849948,2240,320,,,,2,1,1,,2,1단7열,2019
주정차단속안내판(스마트CCTV감지기)-주차-041,서울특별시,광진구,11215,구도,아차산로,,,37.54234638,127.0995977,2240,320,,,,2,1,1,,2,1단7열,2019
VML5000090,서울특별시,강남구,11680,3,올림픽대로,,,37.52912,127.02238,9000,1800,,,,2,2,1,적색+녹색+황색+흰색,2,3단 15열,2016
VMK1000020,서울특별시,용산구,11170,3,강변북로,,,37.51673,126.91556,9000,1800,,,,2,2,1,적색+녹색+황색+흰색,2,3단 15열,2010
VMQ5000010,서울특별시,광명시,41210,3,도로명없음,,,37.44574,126.89583,4080,2880,,,,2,2,1,적색+녹색+황색+파랑+핑크+하늘색+흰색,1,12단 17열,2016
VML5000020,서울특별시,금천구,11545,3,올림픽대로,,,37.58042,126.82901,3840,2880,,,,3,2,1,적색+녹색+황색+파랑+핑크+하늘색+흰색,1,12단 16열,2013
VMK1000090,서울특별시,광진구,11215,3,강변북로,,,37.53158,127.06686,9000,1800,,,,2,2,1,적색+녹색+황색+흰색,2,3단 15열,2012
VMA9000370,서울특별시,광진구,11215,3,능동로,,,37.54397,127.07244,3200,320,,,,3,2,1,적색+녹색+황색+흰색,2,1단 10열,2003
VMO9000230,서울특별시,서초구,11650,1,경부고속도로,,,37.50633,127.01746,6000,1800,,,,3,2,1,적색+녹색+황색+파랑+핑크+하늘색+흰색,2,3단 10열,2017
VMO9000240,서울특별시,강남구,11680,3,강남대로,,,37.5124,127.02093,6000,1800,,,,3,2,1,적색+녹색+황색+파랑+핑크+하늘색+흰색,2,3단 10열,2017
VMO9000250,서울특별시,강남구,11680,3,도산대로,,,37.51727,127.02194,6000,1800,,,,3,2,1,적색+녹색+황색+흰색,2,3단 10열,2017
VMO9000260,서울특별시,강남구,11680,3,압구정로,,,37.52557,127.02512,6000,1800,,,,3,2,1,적색+녹색+황색+흰색,2,3단 10열,2016
VMO9000330,서울특별시,강남구,11680,3,테헤란로,,,37.513,127.06695,6000,1800,,,,3,2,1,적색+녹색+황색+흰색,2,3단 10열,2016
VMO9000340,서울특별시,송파구,11710,3,올림픽로,,,37.51188,127.08148,6000,1800,,,,3,2,1,적색+녹색+황색+파랑+핑크+하늘색+흰색,2,3단 10열,2018
VMO9000360,서울특별시,송파구,11710,3,올림픽로,,,37.51661,127.09972,6000,1800,,,,3,2,1,적색+녹색+황색+파랑+핑크+하늘색+흰색,2,3단 10열,2018
VMO9000370,서울특별시,송파구,11710,3,올림픽로,,,37.51505,127.10507,6000,1800,,,,3,2,1,적색+녹색+황색+파랑+핑크+하늘색+흰색,2,3단 10열,2018
VMA9000430,서울특별시,광진구,11215,3,구의로,,,37.53767,127.08812,3200,320,,,,3,2,1,적색+녹색+황색+흰색,2,1단 10열,2003
VMNN500120,서울특별시,동작구,11590,3,남부순환로,,,37.47612,126.97402,3840,2880,,,,3,2,1,적색+녹색+황색+파랑+핑크+하늘색+흰색,1,12단 16열,2012
VMBB100150,서울특별시,서초구,11650,3,반포대로,,,37.50722,126.99983,7680,2880,,,,2,2,1,적색+녹색+황색+파랑+핑크+하늘색+흰색,1,12단 32열,2012
VMBB100140,서울특별시,서초구,11650,3,반포대로,,,37.49726,127.00481,3840,2880,,,,2,2,1,적색+녹색+황색+파랑+핑크+하늘색+흰색,1,12단 16열,2012
VMK6000010,서울특별시,광진구,11215,3,강변북로,,,37.52877,127.08919,1800,300,,,,1,2,1,적색+녹색+황색,2,6단 1열,2006
VML1000020,서울특별시,영등포구,11560,3,올림픽대로,,,37.54067,126.89785,9000,1800,,,,2,2,1,적색+녹색+황색+흰색,2,3단 15열,2016
VML1000060,서울특별시,서초구,11650,3,올림픽대로,,,37.51724,127.0088,6000,1800,,,,3,2,1,적색+녹색+황색+흰색,2,3단 10열,2016
VMA9000720,서울특별시,성북구,11290,3,한천로,,,37.61456,127.05885,6000,1800,,,,3,2,1,적색+녹색+황색+흰색,2,3단 10열,2018
VMA9000740,서울특별시,중랑구,11260,3,동일로,,,37.60033,127.0796,6000,1800,,,,3,2,1,적색+녹색+황색+흰색,2,3단 10열,2018
VMA9000820,서울특별시,광진구,11215,3,구의로,,,37.54148,127.06559,6000,1800,,,,3,2,1,적색+녹색+황색+흰색,2,3단 10열,2018
VMA9000830,서울특별시,광진구,11215,3,구의로,,,37.53848,127.07588,6000,1800,,,,3,2,1,적색+녹색+황색+흰색,2,3단 10열,2017
VMD1000050,서울특별시,노원구,11350,3,동부간선로,,,37.64208,127.056,9000,1800,,,,2,2,1,적색+녹색+황색+흰색,2,3단 15열,2018
VMA9000010,서울특별시,성동구,11200,3,청계천로,,,37.57055,127.02632,6000,1800,,,,3,2,1,적색+녹색+황색+파랑+핑크+하늘색+흰색,2,3단 10열,2017
VMA9000050,서울특별시,성북구,11290,3,화랑로,,,37.60424,127.0442,6000,1200,,,,3,2,1,적색+녹색+황색+흰색,2,2단 10열,2016
VMA9000090,서울특별시,은평구,11380,3,통일로,,,37.59903,126.93693,6000,1200,,,,3,2,1,적색+녹색+황색+흰색,2,2단 10열,2016
VMA9000130,서울특별시,마포구,11440,3,성산로,,,37.56576,126.91398,6000,1200,,,,3,2,1,적색+녹색+황색+흰색,2,2단 10열,2016
VMA9000170,서울특별시,영등포구,11560,3,서부간선,,,37.53961,126.88968,4080,2880,,,,3,2,1,적색+녹색+황색+파랑+핑크+하늘색+흰색,1,12단 17열,2017
VMA9000200,서울특별시,영등포구,11560,3,국회대로,,,37.52512,126.90771,6000,1200,,,,3,2,1,적색+녹색+황색+흰색,2,2단 10열,2016
VMA9000240,서울특별시,동작구,11590,3,관악로,,,37.50467,126.95016,6000,1800,,,,3,2,1,적색+녹색+황색+파랑+핑크+하늘색+흰색,2,3단 10열,2017
VMA9000280,서울특별시,용산구,11170,3,서빙고로,,,37.52659,127.00388,6000,1200,,,,3,2,1,적색+녹색+황색+흰색,2,2단 10열,2016
VMA9000330,서울특별시,은평구,11380,3,증산로,,,37.58318,126.90881,6000,1200,,,,3,2,1,적색+녹색+황색+파랑+핑크+하늘색+흰색,2,2단 10열,2018
VML5000130,서울특별시,송파구,11710,3,올림픽대로,,,37.53219,127.11023,9000,1800,,,,2,2,1,적색+녹색+황색+흰색,2,3단 15열,2014
VMGE500130,서울특별시,서초구,11650,3,헌릉로,,,37.46138,127.08371,3840,2880,,,,3,2,1,적색+녹색+황색+파랑+핑크+하늘색+흰색,1,12단 16열,2012
VMR7000020,서울특별시,마포구,11440,3,내부순환,,,37.56496,126.90918,1800,300,,,,1,2,1,적색+녹색+황색+파랑+핑크+하늘색+흰색,2,6단 1열,2010
VRL3000010,서울특별시,영등포구,11560,3,도로명없음,,,37.53388,126.91327,1280,320,,,,3,2,1,적색+녹색+황색+흰색,2,2단 8열,2017
VMD5000050,서울특별시,노원구,11350,3,동부간선로,,,37.6269,127.06784,9000,1800,,,,2,2,1,적색+녹색+황색+흰색,2,3단 15열,2017
VMD5000060,서울특별시,중랑구,11260,3,동부간선로,,,37.5761,127.07896,9000,1800,,,,2,2,1,적색+녹색+황색+흰색,2,3단 15열,2017
VMD5000010,서울특별시,성동구,11200,3,동부간선로,,,37.54719,127.03564,9000,1800,,,,2,2,1,적색+녹색+황색+흰색,2,3단 15열,2014
VMK1000100,서울특별시,성동구,11200,3,강변북로,,,37.54268,127.03008,2880,1680,,,,3,2,1,적색+녹색+황색+흰색,2,7단 12열,2015
VMK5000080,서울특별시,광진구,11215,3,강변북로,,,37.54031,127.10337,9000,1200,,,,2,2,1,적색+녹색+황색+흰색,2,2단 15열,2015
VMA9000760,서울특별시,중랑구,11260,3,동일로,,,37.5875,127.08008,6000,1800,,,,3,2,1,적색+녹색+황색+흰색,2,3단 10열,2017
VMA9000810,서울특별시,성동구,11200,3,천호대로,,,37.56192,127.06014,6000,1800,,,,3,2,1,적색+녹색+황색+흰색,2,3단 10열,2018
VMD1000030,서울특별시,도봉구,11320,3,동부간선로,,,37.67112,127.04965,9000,1800,,,,2,2,1,적색+녹색+황색+흰색,2,3단 15열,2018
VMD1000070,서울특별시,동대문구,11230,3,동부간선로,,,37.5841,127.07351,9000,1800,,,,2,2,1,적색+녹색+황색+흰색,2,3단 15열,2018
VMA9000030,서울특별시,성동구,11200,3,고산자로,,,37.56789,127.03715,6000,1800,,,,3,2,1,적색+녹색+황색+흰색,2,3단 10열,2013
VMA9000070,서울특별시,강북구,11305,3,도봉로,,,37.61467,127.02986,6000,1800,,,,3,2,1,적색+녹색+황색+파랑+핑크+하늘색+흰색,2,3단 10열,2017
VMA9000110,서울특별시,종로구,11110,3,통일로,,,37.57819,126.95438,6000,1200,,,,3,2,1,적색+녹색+황색+파랑+핑크+하늘색+흰색,2,2단 10열,2017
VMA9000160,서울특별시,마포구,11440,3,양화로,,,37.55146,126.91635,6000,1800,,,,3,2,1,적색+녹색+황색+흰색,2,3단 10열,2010
VMO9000220,서울특별시,서초구,11650,3,잠원로,,,37.51781,127.01135,6000,1800,,,,3,2,1,적색+녹색+황색+흰색,2,3단 10열,2017
VMO9000380,서울특별시,송파구,11710,3,올림픽로,,,37.52244,127.11594,6000,1800,,,,3,2,1,적색+녹색+황색+파랑+핑크+하늘색+흰색,2,3단 10열,2018
VMA9000560,서울특별시,노원구,11350,3,동일로,,,37.68151,127.05527,6000,1800,,,,3,2,1,적색+녹색+황색+흰색,2,3단 10열,2018
VMA9000570,서울특별시,도봉구,11320,3,방학로,,,37.67961,127.04873,6000,1800,,,,3,2,1,적색+녹색+황색+흰색,2,3단 10열,2017
VMA9000580,서울특별시,노원구,11350,3,방학로,,,37.66116,127.05974,6000,1800,,,,3,2,1,적색+녹색+황색+흰색,2,3단 10열,2017
VMA9000590,서울특별시,노원구,11350,3,동일로,,,37.66326,127.05804,6000,1800,,,,3,2,1,적색+녹색+황색+흰색,2,3단 10열,2018
VMA9000600,서울특별시,도봉구,11320,3,방학로,,,37.66244,127.04763,6000,1800,,,,3,2,1,적색+녹색+황색+흰색,2,3단 10열,2018
VMA9000610,서울특별시,도봉구,11320,3,도봉로,,,37.66859,127.04329,6000,1800,,,,3,2,1,적색+녹색+황색+흰색,2,3단 10열,2018
VMA9000620,서울특별시,도봉구,11320,3,마들로,,,37.66787,127.04597,6000,1800,,,,3,2,1,적색+녹색+황색+흰색,2,3단 10열,2018
VMA9000630,서울특별시,노원구,11350,3,동일로,,,37.65087,127.06166,6000,1800,,,,3,2,1,적색+녹색+황색+흰색,2,3단 10열,2017
VMA9000640,서울특별시,노원구,11350,3,노해로,,,37.65535,127.06495,6000,1800,,,,3,2,1,적색+녹색+황색+흰색,2,3단 10열,2018
VMA9000650,서울특별시,도봉구,11320,3,노해로,,,37.65126,127.04384,6000,1800,,,,3,2,1,적색+녹색+황색+흰색,2,3단 10열,2018
VMA9000660,서울특별시,노원구,11350,3,덕릉로,,,37.64856,127.06874,6000,1800,,,,3,2,1,적색+녹색+황색+흰색,2,3단 10열,2018
VMA9000670,서울특별시,노원구,11350,3,동일로,,,37.64829,127.06236,6000,1800,,,,3,2,1,적색+녹색+황색+흰색,2,3단 10열,2018
VMA9000680,서울특별시,도봉구,11320,3,덕릉로,,,37.64517,127.04781,6000,1800,,,,3,2,1,적색+녹색+황색+흰색,2,3단 10열,2017
VMS1000010,서울특별시,영등포구,11560,3,서부간선,,,37.53638,126.89112,3840,2880,,,,3,2,1,적색+녹색+황색+파랑+핑크+하늘색+흰색,1,12단 16열,2012
VMS5000020,서울특별시,구로구,11530,3,서부간선,,,37.48084,126.87534,3840,2880,,,,3,2,1,적색+녹색+황색+파랑+핑크+하늘색+흰색,1,12단 16열,2012
VMNN500030,서울특별시,관악구,11620,3,남부순환로,,,37.47933,126.90076,3840,2880,,,,3,2,1,적색+녹색+황색+파랑+핑크+하늘색+흰색,1,12단 16열,2012
VMGG100040,서울특별시,서초구,11650,3,강남대로,,,37.52345,127.01668,3840,2880,,,,3,2,1,적색+녹색+황색+파랑+핑크+하늘색+흰색,1,12단 16열,2012
VMGG500050,서울특별시,강남구,11680,3,강남대로,,,37.50027,127.02649,3840,2880,,,,3,2,1,적색+녹색+황색+파랑+핑크+하늘색+흰색,1,12단 16열,2012
VMGG100060,서울특별시,서초구,11650,3,강남대로,,,37.49215,127.03037,3840,2880,,,,3,2,1,적색+녹색+황색+파랑+핑크+하늘색+흰색,1,12단 16열,2012
VMR7000010,서울특별시,서대문구,11410,3,내부순환,,,37.59481,126.94769,1800,300,,,,1,2,1,적색+녹색+황색+파랑+핑크+하늘색+흰색,2,6단 1열,2010
VMD5000090,서울특별시,강남구,11680,3,분당수서로,,,37.50149,127.07321,2400,2160,,,,2,2,1,적색+녹색+황색+흰색,1,9단 10열,2006
VMD5000100,서울특별시,송파구,11710,3,분당수서로,,,37.47412,127.12087,9000,1800,,,,2,2,1,적색+녹색+황색+흰색,2,3단 15열,2017
VMF1000010,서울특별시,서초구,11650,1,경부고속도로,,,37.49555,127.02139,9000,1800,,,,2,2,1,적색+녹색+황색+흰색,2,3단 15열,2018
VMK1000030,서울특별시,용산구,11170,3,강변북로,,,37.53298,126.94885,6000,1800,,,,3,2,1,적색+녹색+황색+흰색,2,3단 10열,2010
VMF5000010,서울특별시,서초구,11650,1,경부고속도로,,,37.47081,127.03314,9000,1800,,,,2,2,1,적색+녹색+황색+흰색,2,3단 15열,2018
VMF5000020,서울특별시,서초구,11650,1,경부고속도로,,,37.50371,127.01844,2400,2160,,,,3,2,1,적색+녹색+황색+흰색,1,9단 10열,2006
VMK1000040,서울특별시,마포구,11440,3,강변북로,,,37.54469,126.92596,6000,1800,,,,3,2,1,적색+녹색+황색+흰색,2,3단 10열,2010
VML5000050,서울특별시,영등포구,11560,3,올림픽대로,,,37.5408,126.89714,9000,1800,,,,2,2,1,적색+녹색+황색+흰색,2,3단 15열,2014
VML5000060,서울특별시,영등포구,11560,3,올림픽대로,,,37.51753,126.91925,6000,1800,,,,3,2,1,적색+녹색+황색+흰색,2,3단 10열,2016
VML5000080,서울특별시,서초구,11650,3,올림픽대로,,,37.51589,127.00772,9000,1800,,,,2,2,1,적색+녹색+황색+흰색,2,3단 15열,2014
VMK5000130,서울특별시,성동구,11200,3,강변북로,,,37.53877,127.04025,7680,2880,,,,2,2,1,적색+녹색+황색+파랑+핑크+하늘색+흰색,1,12단 32열,2015
VML5000120,서울특별시,송파구,11710,3,올림픽대로,,,37.5255,127.10514,9000,1800,,,,2,2,1,적색+녹색+황색+흰색,2,3단 15열,2015
VMM1000010,서울특별시,성동구,11200,3,뚝섬로,,,37.54804,127.01588,6000,1800,,,,3,2,1,적색+녹색+황색+파랑+핑크+하늘색+흰색,2,3단 10열,2018
VMR6000040,서울특별시,서대문구,11410,3,내부순환,,,37.58952,126.93778,1800,300,,,,1,2,1,적색+녹색+황색+파랑+핑크+하늘색+흰색,2,6단 1열,2010
VML5000070,서울특별시,서초구,11650,3,올림픽대로,,,37.50609,126.99014,3840,2880,,,,3,2,1,적색+녹색+황색+파랑+핑크+하늘색+흰색,1,12단 16열,2013
VMQ1000010,서울특별시,강남구,11680,3,양재대로,,,37.47719,127.0609,4080,2880,,,,3,2,1,적색+녹색+황색+파랑+핑크+하늘색+흰색,1,12단 17열,2016
VMA9000500,서울특별시,노원구,11350,3,동일로,,,37.62245,127.07393,6000,1800,,,,3,2,1,적색+녹색+황색+파랑+핑크+하늘색+흰색,2,3단 10열,2012
VMD1000090,서울특별시,강남구,11680,3,분당수서로,,,37.50691,127.06819,9000,1800,,,,2,2,1,적색+녹색+황색+흰색,2,3단 15열,2017
VMK1000070,서울특별시,광진구,11215,3,강변북로,,,37.55216,127.11203,9000,1200,,,,2,2,1,적색+녹색+황색+흰색,2,2단 15열,2015
VMK5000070,서울특별시,광진구,11215,3,강변북로,,,37.52976,127.07285,9000,1800,,,,2,2,1,적색+녹색+황색+흰색,2,3단 15열,2012
VMA9000190,서울특별시,영등포구,11560,3,선유로,,,37.534,126.89647,6000,1800,,,,3,2,1,적색+녹색+황색+파랑+핑크+하늘색+흰색,2,3단 10열,2017
VMA9000230,서울특별시,동작구,11590,3,여의대방로,,,37.50821,126.92376,6000,1800,,,,3,2,1,적색+녹색+황색+파랑+핑크+하늘색+흰색,2,3단 10열,2017
VMA9000270,서울특별시,서초구,11650,3,반포대로,,,37.4964,127.00561,6000,1800,,,,3,2,1,적색+녹색+황색+흰색,2,3단 10열,2016
VMA9000360,서울특별시,성동구,11200,3,동일로,,,37.54605,127.06608,6000,1200,,,,3,2,1,적색+녹색+황색+파랑+핑크+하늘색+흰색,2,2단 10열,2018
VML5000030,서울특별시,강서구,11500,3,올림픽대로,,,37.56149,126.86549,6000,1800,,,,3,2,1,적색+녹색+황색+흰색,2,3단 10열,2016
VMO9000270,서울특별시,강남구,11680,3,압구정로,,,37.52449,127.02343,6000,1800,,,,3,2,1,적색+녹색+황색+흰색,2,3단 10열,2017
VMO9000280,서울특별시,강남구,11680,3,논현로,,,37.52476,127.02856,6000,1800,,,,3,2,1,적색+녹색+황색+흰색,2,3단 10열,2017
VMO9000290,서울특별시,강남구,11680,3,압구정로,,,37.52854,127.0381,6000,1800,,,,3,2,1,적색+녹색+황색+파랑+핑크+하늘색+흰색,2,3단 10열,2018
VMO9000300,서울특별시,강남구,11680,3,도산대로,,,37.52413,127.04837,6000,1800,,,,3,2,1,적색+녹색+황색+파랑+핑크+하늘색+흰색,2,3단 10열,2018
VMTS500160,서울특별시,용산구,11170,3,서빙고로,,,37.52183,126.9757,3840,2880,,,,3,2,1,적색+녹색+황색+파랑+핑크+하늘색+흰색,1,12단 16열,2012
VMTT100170,서울특별시,성동구,11200,3,뚝섬로,,,37.53973,127.05197,3840,2880,,,,3,2,1,적색+녹색+황색+파랑+핑크+하늘색+흰색,1,12단 16열,2012
VMHH100190,서울특별시,성북구,11290,3,화랑로,,,37.60299,127.03456,3840,2880,,,,3,2,1,적색+녹색+황색+파랑+핑크+하늘색+흰색,1,12단 16열,2012
VMA9000520,서울특별시,노원구,11350,3,화랑로,,,37.61971,127.08299,3840,2880,,,,3,2,1,적색+녹색+황색+파랑+핑크+하늘색+흰색,1,12단 16열,2012
VMD5000080,서울특별시,강남구,11680,3,분당수서로,,,37.51543,127.06694,9000,1800,,,,2,2,1,적색+녹색+황색+흰색,2,3단 15열,2018
VMA9000540,서울특별시,노원구,11350,3,화랑로,,,37.62425,127.09128,6000,1800,,,,3,2,1,적색+녹색+황색+파랑+핑크+하늘색+흰색,2,3단 10열,2012
VML1000120,서울특별시,송파구,11710,3,올림픽대로,,,37.53801,127.11427,7680,2880,,,,2,2,1,적색+녹색+황색+파랑+핑크+하늘색+흰색,1,12단 32열,2015
VMT5000060,서울특별시,중구,11140,3,한남대로,,,37.56249,126.98065,3360,2400,,,,3,2,1,적색+녹색+황색+흰색,2,10단 14열,2009
VMT5000080,서울특별시,중구,11140,3,한남대로,,,37.55805,126.97796,6000,1200,,,,3,2,1,적색+녹색+황색+흰색,2,2단 10열,2009
VMT1000040,서울특별시,용산구,11170,3,이태원로,,,37.53444,126.99266,6000,1200,,,,1,2,1,적색+녹색+황색+흰색,2,2단 10열,2009
VMT1000050,서울특별시,용산구,11170,3,녹사평대로,,,37.52849,126.9916,6000,1200,,,,3,2,1,적색+녹색+황색+흰색,2,2단 10열,2009
VMGG500020,서울특별시,강서구,11500,3,공항대로,,,37.53638,126.89112,6000,1800,,,,3,2,1,적색+녹색+황색+파랑+핑크+하늘색+흰색,1,3단 10열,2018
VMSS100240,서울특별시,중랑구,11260,3,사가정로,,,37.58313,127.07965,3840,2880,,,,3,2,1,적색+녹색+황색+파랑+핑크+하늘색+흰색,1,12단 16열,2013
VMSS100250,서울특별시,중랑구,11260,3,화랑로,,,37.58105,127.08582,3840,2880,,,,3,2,1,적색+녹색+황색+파랑+핑크+하늘색+흰색,1,12단 16열,2013
VMSS100230,서울특별시,중랑구,11260,3,동일로,,,37.57613,127.0799,3840,2880,,,,3,2,1,적색+녹색+황색+파랑+핑크+하늘색+흰색,1,12단 16열,2013
VML1000140,서울특별시,강동구,11740,3,올림픽대로,,,37.56837,127.15379,3600,3600,,,,3,2,1,적색+녹색+황색+파랑+핑크+하늘색+흰색,1,15단 15열,2016
VMA9000350,서울특별시,성동구,11200,3,왕십리로,,,37.54735,127.04449,3200,320,,,,3,2,1,적색+녹색+황색+흰색,2,1단 10열,2003
VMA9000390,서울특별시,광진구,11215,3,광나루로,,,37.54473,127.08937,6000,1200,,,,3,2,1,적색+녹색+황색+파랑+핑크+하늘색+흰색,2,2단 10열,2018
VMA9000420,서울특별시,광진구,11215,3,광나루로56길,,,37.53863,127.09794,3200,320,,,,3,2,1,적색+녹색+황색+흰색,2,1단 10열,2003
VMN1000030,서울특별시,동작구,11590,3,노들로,,,37.51494,126.95214,6000,1800,,,,3,2,1,적색+녹색+황색+파랑+핑크+하늘색+흰색,2,3단 10열,2017
VMN5000020,서울특별시,영등포구,11560,3,노들로,,,37.51705,126.91908,6000,1800,,,,3,2,1,적색+녹색+황색+파랑+핑크+하늘색+흰색,2,3단 10열,2017
VMO9000040,서울특별시,강서구,11500,3,강서로,,,37.55013,126.83633,6000,1800,,,,3,2,1,적색+녹색+황색+흰색,2,3단 10열,2016
VMO9000060,서울특별시,강서구,11500,3,양천로,,,37.55451,126.86633,6000,1800,,,,3,2,1,적색+녹색+황색+흰색,2,3단 10열,2016
VMO9000080,서울특별시,영등포구,11560,3,영등포로,,,37.51903,126.90874,6000,1800,,,,3,2,1,적색+녹색+황색+흰색,2,3단 10열,2016
VMO9000100,서울특별시,영등포구,11560,3,여의서로,,,37.53054,126.92638,6000,1800,,,,3,2,1,적색+녹색+황색+흰색,2,3단 10열,2016
VMO9000120,서울특별시,영등포구,11560,3,여의동로,,,37.52044,126.94092,6000,1800,,,,3,2,1,적색+녹색+황색+흰색,2,3단 10열,2016
VMO9000140,서울특별시,동작구,11590,3,현충로,,,37.51042,126.96244,6000,1800,,,,3,2,1,적색+녹색+황색+흰색,2,3단 10열,2016
VMO9000160,서울특별시,서초구,11650,3,신반포로,,,37.50273,126.99316,6000,1800,,,,3,2,1,적색+녹색+황색+흰색,2,3단 10열,2016
VMO9000170,서울특별시,서초구,11650,3,신반포로,,,37.50281,126.99431,6000,1800,,,,3,2,1,적색+녹색+황색+흰색,2,3단 10열,2017
VMO9000180,서울특별시,서초구,11650,3,사평대로,,,37.49826,126.99413,6000,1800,,,,3,2,1,적색+녹색+황색+흰색,2,3단 10열,2017
VMO9000190,서울특별시,서초구,11650,3,사평대로,,,37.49868,126.99458,6000,1800,,,,3,2,1,적색+녹색+황색+흰색,2,3단 10열,2017
VMO9000200,서울특별시,서초구,11650,3,사평대로,,,37.50497,127.01248,6000,1800,,,,3,2,1,적색+녹색+황색+흰색,2,3단 10열,2017
VMO9000210,서울특별시,서초구,11650,3,신반포로,,,37.50673,127.00639,6000,1800,,,,3,2,1,적색+녹색+황색+흰색,2,3단 10열,2017
VMGG500070,서울특별시,서초구,11650,3,강남대로,,,37.48145,127.03718,3840,2880,,,,3,2,1,적색+녹색+황색+파랑+핑크+하늘색+흰색,1,12단 16열,2012
VMGG100080,서울특별시,서초구,11650,3,강남대로,,,37.47885,127.0385,3840,2880,,,,3,2,1,적색+녹색+황색+파랑+핑크+하늘색+흰색,1,12단 16열,2012
VMD5000020,서울특별시,성동구,11200,3,동부간선로,,,37.60293,127.07369,9000,1800,,,,2,2,1,적색+녹색+황색+흰색,2,3단 15열,2017
VMK5000050,서울특별시,용산구,11170,3,강변북로,,,37.53772,127.01684,9000,1200,,,,2,2,1,적색+녹색+황색+흰색,2,2단 15열,2015
VMA9000860,서울특별시,송파구,11710,3,남부순환로,,,37.4946,127.10443,6000,1800,,,,3,2,1,적색+녹색+황색+흰색,2,3단 10열,2017
VMA9000220,서울특별시,마포구,11440,3,마포대로,,,37.54034,126.94673,6000,1800,,,,3,2,1,적색+녹색+황색+흰색,2,3단 10열,2016
VMA9000260,서울특별시,용산구,11170,3,원효로,,,37.53982,126.96844,6000,1200,,,,3,2,1,적색+녹색+황색+파랑+핑크+하늘색+흰색,2,2단 10열,2017
VMA9000310,서울특별시,강남구,11680,3,영동대로,,,37.50472,127.06566,3360,2400,,,,3,2,1,적색+녹색+황색+흰색,2,10단 14열,2010
VMA9000490,서울특별시,중랑구,11260,3,동일로,,,37.6139,127.07701,6000,1800,,,,3,2,1,적색+녹색+황색+파랑+핑크+하늘색+흰색,2,3단 10열,2012
VMGE500140,서울특별시,송파구,11710,3,위례중앙로,,,37.474621,127.135243,4080,2880,,,,3,2,1,적색+녹색+황색+파랑+핑크+하늘색+흰색,1,12단 17열,2017
VMA9000150,서울특별시,성북구,11290,3,정릉로,,,37.61014,126.99537,6000,1800,,,,3,2,1,적색+녹색+황색+파랑+핑크+하늘색+흰색,2,3단 10열,2018
VMBN100090,서울특별시,용산구,11170,3,반포대로,,,37.53767,126.98657,3840,2880,,,,3,2,1,적색+녹색+황색+파랑+핑크+하늘색+흰색,1,12단 16열,2012
VMDD100100,서울특별시,서초구,11650,3,동작대로,,,37.49448,126.98276,3840,2880,,,,3,2,1,적색+녹색+황색+파랑+핑크+하늘색+흰색,1,12단 16열,2012
VMD5000030,서울특별시,강남구,11680,3,분당수서로,,,37.49672,127.08981,9000,1800,,,,2,2,1,적색+녹색+황색+흰색,2,3단 15열,2017
VMK1000110,서울특별시,성동구,11200,3,강변북로,,,37.53679,127.048,9000,1800,,,,2,2,1,적색+녹색+황색+흰색,2,3단 15열,2014
VMK7000010,서울특별시,광진구,11215,3,강변북로,,,37.52875,127.08915,1800,300,,,,1,2,1,적색+녹색+황색+흰색,2,6단 1열,2006
VML1000030,서울특별시,영등포구,11560,3,올림픽대로,,,37.51549,126.9328,9000,1800,,,,2,2,1,적색+녹색+황색+흰색,2,3단 15열,2015
VML1000080,서울특별시,강남구,11680,3,올림픽대로,,,37.52373,127.05938,6000,1800,,,,3,2,1,적색+녹색+황색+흰색,2,3단 10열,2016
VMA9000730,서울특별시,성북구,11290,3,화랑로,,,37.61191,127.05937,6000,1800,,,,3,2,1,적색+녹색+황색+흰색,2,3단 10열,2018
VMA9000900,서울특별시,강남구,11680,3,헌릉로,,,37.46586,127.11695,6000,1800,,,,3,2,1,적색+녹색+황색+흰색,2,3단 10열,2017
VMB1000020,서울특별시,노원구,11350,3,북부간선,,,37.61666,127.0979,6000,1800,,,,2,2,1,적색+녹색+황색+흰색,2,3단 10열,2015
VMB5000010,서울특별시,성북구,11290,3,북부간선,,,37.60959,127.05469,6000,1800,,,,2,2,1,적색+녹색+황색+흰색,2,3단 10열,2015
VMB6000010,서울특별시,성북구,11290,3,북부간선,,,37.6048,127.04581,2560,320,,,,2,2,1,적색+녹색+황색+흰색,2,1단 8열,2006
VMD1000020,서울특별시,노원구,11350,3,동부간선로,,,37.62827,127.06455,9000,1800,,,,2,2,1,적색+녹색+황색+흰색,2,3단 15열,2017
VMR0000020,서울특별시,성북구,11290,3,내부순환,,,37.60346,127.01469,1800,300,,,,1,2,1,적색+녹색+황색+흰색,2,6단 1열,2010
VMR1000010,서울특별시,서대문구,11410,3,내부순환,,,37.57791,126.93114,6000,1800,,,,1,2,1,적색+녹색+황색+흰색,2,3단 10열,2010
VMR1000020,서울특별시,서대문구,11410,3,내부순환,,,37.59579,126.95639,9000,1800,,,,2,2,1,적색+녹색+황색+흰색,2,3단 15열,2010
VMR1000030,서울특별시,성북구,11290,3,내부순환,,,37.60578,127.00882,9000,1800,,,,2,2,1,적색+녹색+황색+흰색,2,3단 15열,2010
VMR1000040,서울특별시,동대문구,11230,3,내부순환,,,37.59062,127.03845,6000,1800,,,,1,2,1,적색+녹색+황색+흰색,2,3단 10열,2010
VMR2000010,서울특별시,마포구,11440,3,내부순환,,,37.56154,126.8995,1800,300,,,,1,2,1,적색+녹색+황색+파랑+핑크+하늘색+흰색,2,6단 1열,2010
VMR2000020,서울특별시,서대문구,11410,3,내부순환,,,37.57019,126.92015,1800,300,,,,1,2,1,적색+녹색+황색+파랑+핑크+하늘색+흰색,2,6단 1열,2010
VMR2000030,서울특별시,서대문구,11410,3,내부순환,,,37.59463,126.94852,1800,300,,,,1,2,1,적색+녹색+황색+파랑+핑크+하늘색+흰색,2,6단 1열,2010
VMR2000040,서울특별시,성북구,11290,3,내부순환,,,37.59983,127.04067,1800,300,,,,1,2,1,적색+녹색+황색+파랑+핑크+하늘색+흰색,2,6단 1열,2010
VMR2000050,서울특별시,성동구,11200,3,내부순환,,,37.56473,127.04778,1800,300,,,,1,2,1,적색+녹색+황색+파랑+핑크+하늘색+흰색,2,6단 1열,2010
VMR3000020,서울특별시,서대문구,11410,3,내부순환,,,37.58756,126.936,1800,300,,,,1,2,1,적색+녹색+황색+파랑+핑크+하늘색+흰색,2,6단 1열,2010
VMR5000010,서울특별시,성동구,11200,3,내부순환,,,37.55948,127.05087,6000,1800,,,,1,2,1,적색+녹색+황색+흰색,2,3단 10열,2010
VMR5000020,서울특별시,동대문구,11230,3,내부순환,,,37.58308,127.03533,6000,1800,,,,1,2,1,적색+녹색+황색+흰색,2,3단 10열,2010
VMR5000030,서울특별시,성북구,11290,3,내부순환,,,37.60332,127.01623,9000,1800,,,,2,2,1,적색+녹색+황색+흰색,2,3단 15열,2010
VMR5000040,서울특별시,서대문구,11410,3,내부순환,,,37.57607,126.92754,6000,1800,,,,1,2,1,적색+녹색+황색+흰색,2,3단 10열,2010
VMR5000050,서울특별시,마포구,11440,3,내부순환,,,37.5643,126.90694,6000,1800,,,,1,2,1,적색+녹색+황색+흰색,2,3단 10열,2010
VMR6000010,서울특별시,동대문구,11230,3,내부순환,,,37.57251,127.03587,1800,300,,,,1,2,1,적색+녹색+황색+파랑+핑크+하늘색+흰색,2,6단 1열,2010
VMR6000020,서울특별시,성북구,11290,3,내부순환,,,37.60415,127.03092,1800,300,,,,1,2,1,적색+녹색+황색+파랑+핑크+하늘색+흰색,2,6단 1열,2010
VMR6000030,서울특별시,성북구,11290,3,내부순환,,,37.60676,127.00686,1800,300,,,,1,2,1,적색+녹색+황색+파랑+핑크+하늘색+흰색,2,6단 1열,2010
VMBB500110,서울특별시,서초구,11650,3,반포대로,,,37.48949,127.00899,3840,2880,,,,3,2,1,적색+녹색+황색+파랑+핑크+하늘색+흰색,1,12단 16열,2012
VMT1000020,서울특별시,용산구,11170,3,녹사평대로,,,37.54171,126.98817,6000,1200,,,,3,2,1,적색+녹색+황색+흰색,2,2단 10열,2009
VMT5000070,서울특별시,중구,11140,3,삼일대로,,,37.56083,126.97714,6000,1200,,,,3,2,1,적색+녹색+황색+흰색,2,2단 10열,2009
VMT1000030,서울특별시,용산구,11170,3,녹사평대로,,,37.53477,126.98338,6000,1200,,,,3,2,1,적색+녹색+황색+흰색,2,2단 10열,2009
VMD5000040,서울특별시,노원구,11350,3,동부간선로,,,37.657,127.05432,9000,1800,,,,2,2,1,적색+녹색+황색+흰색,2,3단 15열,2018
VMK5000010,서울특별시,마포구,11440,3,강변북로,,,37.54259,126.91561,9000,1800,,,,2,2,1,적색+녹색+황색+흰색,2,3단 15열,2010
VMK5000110,서울특별시,마포구,11440,3,강변북로,,,37.56989,126.87403,6000,1800,,,,3,2,1,적색+녹색+황색+흰색,2,3단 10열,2009
VML1000010,서울특별시,강서구,11500,3,올림픽대로,,,37.55882,126.86985,9000,1800,,,,2,2,1,적색+녹색+황색+흰색,2,3단 15열,2016
VML1000050,서울특별시,서초구,11650,3,올림픽대로,,,37.50873,126.99534,9000,1800,,,,2,2,1,적색+녹색+황색+흰색,2,3단 15열,2014
VMA9000700,서울특별시,노원구,11350,3,한글비석로,,,37.64606,127.07643,6000,1800,,,,3,2,1,적색+녹색+황색+흰색,2,3단 10열,2018
VMA9000870,서울특별시,송파구,11710,3,송파대로,,,37.48397,127.12328,6000,1800,,,,3,2,1,적색+녹색+황색+흰색,2,3단 10열,2018
VMA9000890,서울특별시,성남시,41130,3,성남대로,,,37.46252,127.12632,6000,1800,,,,3,2,1,적색+녹색+황색+흰색,2,3단 10열,2017
VMA9000910,서울특별시,서초구,11650,3,헌릉로,,,37.46234,127.04802,6000,1800,,,,3,2,1,적색+녹색+황색+흰색,2,3단 10열,2014
VMB1000030,서울특별시,성북구,11290,3,북부간선,,,37.61072,127.05673,6000,1800,,,,2,2,1,적색+녹색+황색+흰색,2,3단 10열,2015
VMB5000020,서울특별시,중랑구,11260,3,북부간선,,,37.61773,127.07766,6000,1800,,,,2,2,1,적색+녹색+황색+흰색,2,3단 10열,2015
VMD1000010,서울특별시,성동구,11200,3,동부간선로,,,37.54736,127.03542,9000,1800,,,,2,2,1,적색+녹색+황색+흰색,2,3단 15열,2017
VMSS100260,서울특별시,중랑구,11260,3,면목로,,,37.591797,127.08654,3360,2400,,,,3,2,1,적색+녹색+황색+파랑+핑크+하늘색+흰색,1,10단 14열,2017
VMSS100270,서울특별시,중랑구,11260,3,면목로,,,37.574436,127.085083,3360,2400,,,,3,2,1,적색+녹색+황색+파랑+핑크+하늘색+흰색,1,10단 14열,2017
VML1000090,서울특별시,강남구,11680,3,올림픽대로,,,37.52943,127.04825,9000,1800,,,,2,2,1,적색+녹색+황색+흰색,2,3단 15열,2016
VML1000100,서울특별시,송파구,11710,3,올림픽대로,,,37.51703,127.08512,6000,1800,,,,3,2,1,적색+녹색+황색+흰색,2,3단 10열,2016
VML1000110,서울특별시,송파구,11710,3,올림픽대로,,,37.52603,127.10511,9000,1800,,,,2,2,1,적색+녹색+황색+흰색,2,3단 15열,2014
VML1000130,서울특별시,강동구,11740,3,올림픽대로,,,37.55041,127.12271,6000,1800,,,,3,2,1,적색+녹색+황색+흰색,2,3단 10열,2016
VML5000010,서울특별시,강서구,11500,3,올림픽대로,,,37.57187,126.84784,6000,1800,,,,3,2,1,적색+녹색+황색+흰색,2,3단 10열,2015
VMO9000390,서울특별시,송파구,11710,3,올림픽로,,,37.52899,127.11962,6000,1800,,,,3,2,1,적색+녹색+황색+파랑+핑크+하늘색+흰색,2,3단 10열,2018
VMO9000400,서울특별시,강동구,11740,3,올림픽로,,,37.53466,127.1222,6000,1800,,,,3,2,1,적색+녹색+황색+파랑+핑크+하늘색+흰색,2,3단 10열,2018
VMO9000410,서울특별시,강동구,11740,3,선사로,,,37.54465,127.12548,6000,1800,,,,3,2,1,적색+녹색+황색+파랑+핑크+하늘색+흰색,2,3단 10열,2017
VMO9000420,서울특별시,강동구,11740,3,선사로,,,37.54695,127.12656,6000,1800,,,,3,2,1,적색+녹색+황색+파랑+핑크+하늘색+흰색,2,3단 10열,2018
VMO9000430,서울특별시,강동구,11740,3,고덕로,,,37.55475,127.13863,6000,1800,,,,3,2,1,적색+녹색+황색+파랑+핑크+하늘색+흰색,2,3단 10열,2018
VMO9000440,서울특별시,강서구,11500,3,개화동로,,,37.56712,126.80436,6000,1800,,,,3,2,1,적색+녹색+황색+흰색,2,3단 10열,2009
VMO9000450,서울특별시,동작구,11590,3,현충로,,,37.50659,126.96744,6000,1800,,,,3,2,1,적색+녹색+황색+흰색,2,3단 10열,2009
VMO9000460,서울특별시,서초구,11650,3,동작대로,,,37.48936,126.98252,6000,1800,,,,3,2,1,적색+녹색+황색+흰색,2,3단 10열,2009
VMK1000010,서울특별시,용산구,11170,3,강변북로,,,37.52729,127.00567,6000,1800,,,,3,2,1,적색+녹색+황색+흰색,2,3단 10열,2010
VMO9000470,서울특별시,용산구,11170,3,반포대로,,,37.52534,126.99179,3360,2400,,,,3,2,1,적색+녹색+황색+흰색,2,10단 14열,2010
VMO9000480,서울특별시,강남구,11680,3,봉은사로,,,37.51438,127.06174,6000,1200,,,,3,2,1,적색+녹색+황색+흰색,2,2단 10열,2009
VMO9000490,서울특별시,송파구,11710,3,선사로,,,37.50001,127.11214,6000,1800,,,,3,2,1,적색+녹색+황색+흰색,2,3단 10열,2009
VMR0000010,서울특별시,성북구,11290,3,내부순환,,,37.60317,127.02575,1800,300,,,,1,2,1,적색+녹색+황색+흰색,2,6단 1열,2010
VMGG500010,서울특별시,강서구,11500,3,양천로,,,37.53638,126.89112,6000,1800,,,,3,2,1,적색+녹색+황색+파랑+핑크+하늘색+흰색,1,3단 10열,2018
VMA9000400,서울특별시,광진구,11215,3,천호대로,,,37.54913,127.09209,6000,1200,,,,3,2,1,적색+녹색+황색+파랑+핑크+하늘색+흰색,2,2단 10열,2018
VMK1000050,서울특별시,마포구,11440,3,강변북로,,,37.54904,126.90522,9000,1800,,,,2,2,1,적색+녹색+황색+흰색,2,3단 15열,2010
VMK1000060,서울특별시,마포구,11440,3,강변북로,,,37.56895,126.87593,9000,1200,,,,2,2,1,적색+녹색+황색+흰색,2,2단 15열,2015
VMK5000040,서울특별시,용산구,11170,3,강변북로,,,37.52016,126.99692,6000,1800,,,,3,2,1,적색+녹색+황색+흰색,2,3단 10열,2010
VML1000040,서울특별시,동작구,11590,3,올림픽대로,,,37.51635,126.94978,9000,1800,,,,2,2,1,적색+녹색+황색+흰색,2,3단 15열,2014
VMA9000690,서울특별시,노원구,11350,3,월계로,,,37.63554,127.06741,6000,1800,,,,3,2,1,적색+녹색+황색+흰색,2,3단 10열,2017
VMA9000750,서울특별시,중랑구,11260,3,망우로,,,37.59687,127.0871,6000,1800,,,,3,2,1,적색+녹색+황색+흰색,2,3단 10열,2018
VMD1000040,서울특별시,노원구,11350,3,동부간선로,,,37.65825,127.05362,2880,1680,,,,3,2,1,적색+녹색+황색+흰색,2,7단 12열,2006
VMD1000080,서울특별시,성동구,11200,3,동부간선로,,,37.55104,127.05437,2400,2160,,,,3,2,1,적색+녹색+황색+흰색,1,9단 10열,2006
VMA9000040,서울특별시,성북구,11290,3,종암로,,,37.59366,127.03631,6000,1800,,,,3,2,1,적색+녹색+황색+파랑+핑크+하늘색+흰색,2,3단 10열,2017
VMA9000080,서울특별시,성북구,11290,3,정릉로,,,37.60443,127.01213,6000,1200,,,,3,2,1,적색+녹색+황색+파랑+핑크+하늘색+흰색,2,2단 10열,2017
VMA9000120,서울특별시,서대문구,11410,3,수색로,,,37.57309,126.90713,6000,1200,,,,3,2,1,적색+녹색+황색+파랑+핑크+하늘색+흰색,2,2단 10열,2017
VMN1000010,서울특별시,영등포구,11560,3,노들로,,,37.54094,126.89621,6000,1800,,,,3,2,1,적색+녹색+황색+파랑+핑크+하늘색+흰색,2,3단 10열,2017
VMN5000010,서울특별시,영등포구,11560,3,노들로,,,37.54169,126.89484,6000,1800,,,,3,2,1,적색+녹색+황색+파랑+핑크+하늘색+흰색,2,3단 10열,2017
VMO9000010,서울특별시,김포시,41570,3,벌말로,,,37.58456,126.78408,6000,1800,,,,3,2,1,적색+녹색+황색+흰색,2,3단 10열,2016
VMO9000050,서울특별시,강서구,11500,3,화곡로,,,37.54925,126.8476,6000,1800,,,,3,2,1,적색+녹색+황색+흰색,2,3단 10열,2016
VMO9000070,서울특별시,양천구,11470,3,안양천로,,,37.54047,126.88518,6000,1800,,,,3,2,1,적색+녹색+황색+흰색,2,3단 10열,2016
VMO9000090,서울특별시,마포구,11440,3,신촌로,,,37.55023,126.93213,6000,1800,,,,3,2,1,적색+녹색+황색+흰색,2,3단 10열,2016
VMO9000110,서울특별시,영등포구,11560,3,여의대로,,,37.52627,126.92585,6000,1800,,,,3,2,1,적색+녹색+황색+흰색,2,3단 10열,2016
VMO9000130,서울특별시,영등포구,11560,3,여의동로,,,37.51761,126.93662,6000,1800,,,,3,2,1,적색+녹색+황색+흰색,2,3단 10열,2016
VMO9000150,서울특별시,서초구,11650,3,방배로,,,37.49497,126.98916,6000,1800,,,,3,2,1,적색+녹색+황색+흰색,2,3단 10열,2016
VMO9000310,서울특별시,강남구,11680,3,영동대로,,,37.52179,127.05613,6000,1800,,,,3,2,1,적색+녹색+황색+파랑+핑크+하늘색+흰색,2,3단 10열,2017
VMO9000320,서울특별시,강남구,11680,3,테헤란로,,,37.50931,127.06526,6000,1800,,,,3,2,1,적색+녹색+황색+파랑+핑크+하늘색+흰색,2,3단 10열,2018
VMA9000470,서울특별시,강남구,11680,3,언주로,,,37.52249,127.03361,6000,1200,,,,3,2,1,적색+녹색+황색+파랑+핑크+하늘색+흰색,2,2단 10열,2018
VMA9000480,서울특별시,성북구,11290,3,화랑로,,,37.60303,127.0428,6000,1200,,,,3,2,1,적색+녹색+황색+파랑+핑크+하늘색+흰색,2,2단 10열,2018
VMB1000010,서울특별시,중랑구,11260,3,북부간선,,,37.61537,127.10449,3840,3840,,,,3,2,1,적색+녹색+황색+파랑+핑크+하늘색+흰색,1,16단 16열,2013
VMHH100200,서울특별시,노원구,11350,3,화랑로,,,37.639591,127.109483,3840,2880,,,,3,2,1,적색+녹색+황색+파랑+핑크+하늘색+흰색,1,12단 16열,2014
VMA9000510,서울특별시,성북구,11290,3,화랑로,,,37.61901,127.07932,6000,1200,,,,3,2,1,적색+녹색+황색+파랑+핑크+하늘색+흰색,2,2단 10열,2018
VMA9000530,서울특별시,노원구,11350,3,노원로,,,37.6294,127.0841,6000,1200,,,,3,2,1,적색+녹색+황색+파랑+핑크+하늘색+흰색,2,2단 10열,2018
VMQ1000030,서울특별시,관악구,11620,3,강남순환로,,,37.46879,126.94727,7800,1800,,,,3,2,1,적색+녹색+황색+파랑+핑크+하늘색+흰색,2,3단 13열,2016
VMQ5000020,서울특별시,관악구,11620,3,강남순환로,,,37.46909,126.94824,7800,1800,,,,3,2,1,적색+녹색+황색+파랑+핑크+하늘색+흰색,2,3단 13열,2016
VMQ5000030,서울특별시,서초구,11650,3,강남순환로,,,37.47011,126.98669,7800,1800,,,,3,2,1,적색+녹색+황색+파랑+핑크+하늘색+흰색,2,3단 13열,2016
VMQ1000020,서울특별시,서초구,11650,3,강남순환로,,,37.47042,126.98642,7800,1800,,,,3,2,1,적색+녹색+황색+파랑+핑크+하늘색+흰색,2,3단 13열,2016
VMK5000020,서울특별시,용산구,11170,3,강변북로,,,37.53116,126.94977,9000,1800,,,,2,2,1,적색+녹색+황색+흰색,2,3단 15열,2010
VMK5000030,서울특별시,용산구,11170,3,강변북로,,,37.51713,126.97318,6000,1800,,,,3,2,1,적색+녹색+황색+흰색,2,3단 10열,2010
VMK5000120,서울특별시,마포구,11440,3,강변북로,,,37.56133,126.88893,2880,1680,,,,3,2,1,적색+녹색+황색+흰색,2,7단 12열,2015
VMA9000710,서울특별시,노원구,11350,3,월계로,,,37.6265,127.05343,6000,1800,,,,3,2,1,적색+녹색+황색+흰색,2,3단 10열,2017
VMA9000770,서울특별시,동대문구,11230,3,망우로,,,37.58967,127.06123,6000,1800,,,,3,2,1,적색+녹색+황색+흰색,2,3단 10열,2017
VMA9000780,서울특별시,광진구,11215,3,동일로,,,37.5624,127.07537,6000,1800,,,,3,2,1,적색+녹색+황색+흰색,2,3단 10열,2018
VMA9000790,서울특별시,광진구,11215,3,천호대로,,,37.55766,127.07857,6000,1800,,,,3,2,1,적색+녹색+황색+흰색,2,3단 10열,2017
VMA9000800,서울특별시,광진구,11215,3,동일로,,,37.55325,127.07043,6000,1800,,,,3,2,1,적색+녹색+황색+흰색,2,3단 10열,2017
VMA9000840,서울특별시,강남구,11680,3,밤고개로,,,37.48824,127.10071,6000,1800,,,,3,2,1,적색+녹색+황색+흰색,2,3단 10열,2017
VMD1000060,서울특별시,성북구,11290,3,동부간선로,,,37.60534,127.071,9000,1800,,,,2,2,1,적색+녹색+황색+흰색,2,3단 15열,2017
VMA9000060,서울특별시,강북구,11305,3,월계로,,,37.61636,127.04065,3360,2400,,,,3,2,1,적색+녹색+황색+흰색,2,10단 14열,2010
VMA9000100,서울특별시,서대문구,11410,3,연희로,,,37.58338,126.93615,6000,1200,,,,3,2,1,적색+녹색+황색+흰색,2,2단 10열,2016
VMA9000140,서울특별시,서대문구,11410,3,성산로,,,37.56182,126.93237,6000,1800,,,,3,2,1,적색+녹색+황색+파랑+핑크+하늘색+흰색,2,3단 10열,2017
VMA9000180,서울특별시,양천구,11470,3,공항대로,,,37.54705,126.87192,6000,1800,,,,3,2,1,적색+녹색+황색+파랑+핑크+하늘색+흰색,2,3단 10열,2017
VMA9000210,서울특별시,영등포구,11560,3,경인로,,,37.51543,126.9043,6000,1200,,,,3,2,1,적색+녹색+황색+흰색,2,2단 10열,2016
VMA9000250,서울특별시,용산구,11170,3,녹사평대로,,,37.53112,126.9696,6000,1800,,,,3,2,1,적색+녹색+황색+파랑+핑크+하늘색+흰색,2,3단 10열,2017
VMA9000290,서울특별시,용산구,11170,3,한남대로,,,37.53705,127.00473,6000,1800,,,,3,2,1,적색+녹색+황색+파랑+핑크+하늘색+흰색,2,3단 10열,2017
VMA9000340,서울특별시,강서구,11500,3,화곡로,,,37.55737,126.85327,6000,1200,,,,3,2,1,적색+녹색+황색+파랑+핑크+하늘색+흰색,2,2단 10열,2018
VMA9000380,서울특별시,광진구,11215,3,자양로,,,37.54316,127.08442,6000,1200,,,,3,2,1,적색+녹색+황색+파랑+핑크+하늘색+흰색,2,2단 10열,2018
VML5000040,서울특별시,영등포구,11560,3,올림픽대로,,,37.54891,126.88652,9000,1800,,,,2,2,1,적색+녹색+황색+흰색,2,3단 15열,2015
VMN1000020,서울특별시,영등포구,11560,3,노들로,,,37.51605,126.92233,6000,1800,,,,3,2,1,적색+녹색+황색+파랑+핑크+하늘색+흰색,2,3단 10열,2017
VMA9000440,서울특별시,광진구,11215,3,구의로,,,37.54179,127.06534,3200,320,,,,3,2,1,적색+녹색+황색+흰색,2,1단 10열,2003
VMA9000450,서울특별시,강동구,11740,3,천호대로,,,37.53666,127.13036,6000,1200,,,,3,2,1,적색+녹색+황색+파랑+핑크+하늘색+흰색,2,2단 10열,2018
VMA9000460,서울특별시,강동구,11740,3,강동대로,,,37.52336,127.13003,6000,1200,,,,3,2,1,적색+녹색+황색+파랑+핑크+하늘색+흰색,2,2단 10열,2017
VML5000100,서울특별시,강남구,11680,3,올림픽대로,,,37.52996,127.04487,7680,2880,,,,2,2,1,적색+녹색+황색+파랑+핑크+하늘색+흰색,1,12단 32열,2015
VMT5000010,서울특별시,중구,11140,3,녹사평대로,,,37.56311,126.98841,3360,2400,,,,3,2,1,적색+녹색+황색+흰색,2,10단 14열,2009
VMT5000020,서울특별시,중구,11140,3,퇴계로,,,37.56067,126.98511,6000,1200,,,,3,2,1,적색+녹색+황색+흰색,2,2단 10열,2009
VMT5000030,서울특별시,중구,11140,3,삼일대로,,,37.56115,126.99151,6000,1200,,,,3,2,1,적색+녹색+황색+흰색,2,2단 10열,2009
VMT5000040,서울특별시,중구,11140,3,소공로,,,37.55761,126.98323,6000,1200,,,,1,2,1,적색+녹색+황색+흰색,2,2단 10열,2009
VMT1000010,서울특별시,용산구,11170,3,한남대로,,,37.53623,127.00578,6000,1200,,,,3,2,1,적색+녹색+황색+흰색,2,2단 10열,2009
VMT5000050,서울특별시,중구,11140,3,장충단로,,,37.55518,127.00236,3360,2400,,,,3,2,1,적색+녹색+황색+흰색,2,10단 14열,2009
VML1000070,서울특별시,강남구,11680,3,올림픽대로,,,37.53414,127.03046,5040,3600,,,,2,2,1,적색+녹색+황색+파랑+핑크+하늘색+흰색,1,15단 21열,2014
VML5000110,서울특별시,송파구,11710,3,올림픽대로,,,37.51658,127.08214,9000,1800,,,,2,2,1,적색+녹색+황색+흰색,2,3단 15열,2016
1001,서울특별시,종로구,11110,3,새문안로,,,37.569966,126.974291,3840,2880,,,,3,2,1,적색+녹색+황색+파랑+핑크+하늘색+흰색,1,12단 16열,2012
1002,서울특별시,종로구,11110,3,자하문로,,,37.58259,126.970414,3840,2880,,,,3,2,1,적색+녹색+황색+파랑+핑크+하늘색+흰색,1,12단 16열,2012
1003,서울특별시,종로구,11110,3,사직로,,,37.575837,126.97147,3840,2880,,,,3,2,1,적색+녹색+황색+파랑+핑크+하늘색+흰색,1,12단 16열,2012
1004,서울특별시,서대문구,11410,3,통일로,,,37.575092,126.957155,2880,3840,,,,1,2,1,적색+녹색+황색+파랑+핑크+하늘색+흰색,1,16단 12열,2012
1005,서울특별시,서대문구,11410,3,성산로,,,37.561669,126.93228,3840,2880,,,,3,2,1,적색+녹색+황색+파랑+핑크+하늘색+흰색,1,12단 16열,2012
1006,서울특별시,마포구,11440,3,성산로,,,37.562418,126.90187,3840,2880,,,,3,2,1,적색+녹색+황색+파랑+핑크+하늘색+흰색,1,12단 16열,2012
1007,서울특별시,마포구,11440,3,양화로,,,37.548372,126.911145,3840,2880,,,,3,2,1,적색+녹색+황색+파랑+핑크+하늘색+흰색,1,12단 16열,2012
1008,서울특별시,영등포구,11560,3,국회대로,,,37.525609,126.90655,3840,2880,,,,3,2,1,적색+녹색+황색+파랑+핑크+하늘색+흰색,1,12단 16열,2012
1009,서울특별시,마포구,11440,3,신촌로,,,37.55665,126.944159,2880,3840,,,,1,2,1,적색+녹색+황색+파랑+핑크+하늘색+흰색,1,16단 12열,2012
1010,서울특별시,마포구,11440,3,마포대로,,,37.5408,126.947634,3840,2880,,,,3,2,1,적색+녹색+황색+파랑+핑크+하늘색+흰색,1,12단 16열,2012
1011,서울특별시,마포구,11440,3,마포대로,,,37.55383,126.956921,3840,2880,,,,3,2,1,적색+녹색+황색+파랑+핑크+하늘색+흰색,1,12단 16열,2012
1012,서울특별시,용산구,11170,3,만리재로,,,37.552625,126.963794,2880,3840,,,,1,2,1,적색+녹색+황색+파랑+핑크+하늘색+흰색,1,16단 12열,2012
1013,서울특별시,용산구,11170,3,청파로,,,37.55171,126.969527,3840,2880,,,,3,2,1,적색+녹색+황색+파랑+핑크+하늘색+흰색,1,12단 16열,2012
1014,서울특별시,용산구,11170,3,한강대로,,,37.531131,126.969801,2880,3840,,,,1,2,1,적색+녹색+황색+파랑+핑크+하늘색+흰색,1,16단 12열,2012
1015,서울특별시,용산구,11170,3,한강대로,,,37.550501,126.972088,2880,3840,,,,1,2,1,적색+녹색+황색+파랑+핑크+하늘색+흰색,1,16단 12열,2012
1016,서울특별시,중구,11140,3,소공로,,,37.55872,126.983049,3840,2880,,,,3,2,1,적색+녹색+황색+파랑+핑크+하늘색+흰색,1,12단 16열,2012
1017,서울특별시,중구,11140,3,삼일대로,,,37.560384,126.989627,3840,2880,,,,3,2,1,적색+녹색+황색+파랑+핑크+하늘색+흰색,1,12단 16열,2012
1018,서울특별시,성동구,11200,3,동호로,,,37.547965,127.015964,2880,3840,,,,1,2,1,적색+녹색+황색+파랑+핑크+하늘색+흰색,1,16단 12열,2012
1019,서울특별시,중구,11140,3,왕십리로,,,37.565681,127.017836,3840,2880,,,,3,2,1,적색+녹색+황색+파랑+핑크+하늘색+흰색,1,12단 16열,2012
1020,서울특별시,동대문구,11230,3,천호대로,,,37.571886,127.044394,3840,2880,,,,3,2,1,적색+녹색+황색+파랑+핑크+하늘색+흰색,1,12단 16열,2012
1021,서울특별시,동대문구,11230,3,왕산로,,,37.577274,127.028715,2880,3840,,,,1,2,1,적색+녹색+황색+파랑+핑크+하늘색+흰색,1,16단 12열,2012
1022,서울특별시,마포구,11440,3,성산로,,,37.562427,126.901858,3840,2880,,,,3,2,1,적색+녹색+황색+파랑+핑크+하늘색+흰색,1,12단 16열,2012
1023,서울특별시,성북구,11290,3,종암로,,,37.595995,127.035369,3840,2880,,,,3,2,1,적색+녹색+황색+파랑+핑크+하늘색+흰색,1,12단 16열,2012
1024,서울특별시,성북구,11290,3,동소문로,,,37.589725,127.008925,3840,2880,,,,3,2,1,적색+녹색+황색+파랑+핑크+하늘색+흰색,1,12단 16열,2012
1025,서울특별시,종로구,11110,3,종로,,,37.570806,126.996276,3840,2880,,,,3,2,1,적색+녹색+황색+파랑+핑크+하늘색+흰색,1,12단 16열,2012
1026,서울특별시,중구,11140,3,세종대로,,,37.568935,126.977319,5760,2880,,,,3,2,1,적색+녹색+황색+파랑+핑크+하늘색+흰색,1,12단 24열,2012
2001,서울특별시,양천구,11470,3,안양천로,,,37.512274,126.874538,4080,2880,,,,3,2,1,적색+녹색+황색+파랑+핑크+하늘색+흰색,1,12단 17열,2015
2002,서울특별시,양천구,11470,3,남부순환로,,,37.51853,126.838618,4080,2880,,,,3,2,1,적색+녹색+황색+파랑+핑크+하늘색+흰색,1,12단 17열,2015
2002,서울특별시,양천구,11470,3,남부순환로,,,37.5091,126.858446,4080,2880,,,,3,2,1,적색+녹색+황색+파랑+핑크+하늘색+흰색,1,12단 17열,2015
2002,서울특별시,양천구,11470,3,남부순환로,,,37.506222,126.883927,4080,2880,,,,3,2,1,적색+녹색+황색+파랑+핑크+하늘색+흰색,1,12단 17열,2015
2002,서울특별시,양천구,11470,3,남부순환로,,,37.492255,126.835472,4080,2880,,,,3,2,1,적색+녹색+황색+파랑+핑크+하늘색+흰색,1,12단 17열,2015
2002,서울특별시,양천구,11470,3,남부순환로,,,37.497252,126.854691,4080,2880,,,,3,2,1,적색+녹색+황색+파랑+핑크+하늘색+흰색,1,12단 17열,2015
2002,서울특별시,양천구,11470,3,남부순환로,,,37.51393,126.898953,4080,2880,,,,3,2,1,적색+녹색+황색+파랑+핑크+하늘색+흰색,1,12단 17열,2015
3001,서울특별시,강남구,11680,3,테헤란로,,,37.505535,127.052387,4080,2880,,,,3,2,1,적색+녹색+황색+파랑+핑크+하늘색+흰색,1,12단 17열,2015
3002,서울특별시,강남구,11680,3,남부순환로,,,37.491408,127.05694,4080,2880,,,,3,2,1,적색+녹색+황색+파랑+핑크+하늘색+흰색,1,12단 17열,2015
3003,서울특별시,송파구,11710,3,송파대로,,,37.493951,127.117547,4080,2880,,,,3,2,1,적색+녹색+황색+파랑+핑크+하늘색+흰색,1,12단 17열,2015
3004,서울특별시,광진구,11215,3,자양로,,,37.534434,127.084211,4080,2880,,,,3,2,1,적색+녹색+황색+파랑+핑크+하늘색+흰색,1,12단 17열,2015
3005,서울특별시,송파구,11710,3,송파대로,,,37.483657,127.124038,4080,2880,,,,3,2,1,적색+녹색+황색+파랑+핑크+하늘색+흰색,1,12단 17열,2015
3006,서울특별시,강남구,11680,3,양재대로,,,37.490119,127.087062,4080,2880,,,,3,2,1,적색+녹색+황색+파랑+핑크+하늘색+흰색,1,12단 17열,2015
3007,서울특별시,송파구,11710,3,올림픽로,,,37.535624,127.12215,4080,2880,,,,3,2,1,적색+녹색+황색+파랑+핑크+하늘색+흰색,1,12단 17열,2015
3008,서울특별시,강동구,11740,3,양재대로,,,37.532132,127.137666,4080,2880,,,,3,2,1,적색+녹색+황색+파랑+핑크+하늘색+흰색,1,12단 17열,2015
3009,서울특별시,송파구,11710,3,위례성대로,,,37.513954,127.123624,4080,2880,,,,3,2,1,적색+녹색+황색+파랑+핑크+하늘색+흰색,1,12단 17열,2015
3010,서울특별시,송파구,11710,3,올림픽로,,,37.511553,127.088334,4080,2880,,,,3,2,1,적색+녹색+황색+파랑+핑크+하늘색+흰색,1,12단 17열,2015
3011,서울특별시,송파구,11710,3,송파대로,,,37.517993,127.096339,8160,2880,,,,3,2,1,적색+녹색+황색+파랑+핑크+하늘색+흰색,1,12단 34열,2015
3012,서울특별시,송파구,11710,3,삼전로,,,37.503624,127.087646,4080,2880,,,,3,2,1,적색+녹색+황색+파랑+핑크+하늘색+흰색,1,12단 17열,2015
3013,서울특별시,송파구,11710,3,올림픽로,,,37.516477,127.109625,4080,2880,,,,3,2,1,적색+녹색+황색+파랑+핑크+하늘색+흰색,1,12단 17열,2015
3014,서울특별시,송파구,11710,3,송파대로,,,37.504216,127.108012,4080,2880,,,,3,2,1,적색+녹색+황색+파랑+핑크+하늘색+흰색,1,12단 17열,2015
3015,서울특별시,송파구,11710,3,송파대로,,,37.506912,127.106028,4080,2880,,,,3,2,1,적색+녹색+황색+파랑+핑크+하늘색+흰색,1,12단 17열,2015
3016,서울특별시,송파구,11710,3,도곡로,,,37.506189,127.079048,4080,2880,,,,3,2,1,적색+녹색+황색+파랑+핑크+하늘색+흰색,1,12단 17열,2015
3017,서울특별시,송파구,11710,3,오금로,,,37.507369,127.118182,4080,2880,,,,3,2,1,적색+녹색+황색+파랑+핑크+하늘색+흰색,1,12단 17열,2015
국도 목포방향 금천IC,서울특별시,금천구,11545,2,서부간선도로,1번,1,37.462303,126.888781,6000,1200,6400,1600,8000,2,2,1,빨간색+노란색+녹색,2,2단10열,2009
서울방향 금토양재2(LCS),서울특별시,서초구,11650,1,경부고속도로,1번,2,37.440302,127.060505,3000,600,4000,1600,8500,1,2,1,적색+황색+녹색+청색+청녹색+보라색+백색,2,1단10열,2018
부산방향 양재IC(BUS),서울특별시,서초구,11650,1,경부고속도로,1번,1,37.45382,127.048825,2400,600,3400,1600,7500,1,2,1,빨간색+노란색+녹색,2,1단6열,2010
국도 양재(화훼),서울특별시,서초구,11650,3,강남대로,41번,1,37.468056,127.040278,6000,1200,7000,2200,7500,2,2,1,빨간색+노란색+녹색,2,2단10열,2005
부산방향 양재IC,서울특별시,서초구,11650,1,경부고속도로,1번,1,37.464115,127.039028,12600,1800,10000,2200,7500,1,2,1,빨간색+노란색+녹색,2,3단21열,2014
서울방향 양재IC,서울특별시,서초구,11650,1,경부고속도로,1번,2,37.463611,127.039722,12600,1800,10000,2200,7500,1,2,1,빨간색+노란색+녹색,2,3단21열,2014
만남의광장 교통안내,서울특별시,서초구,11650,1,경부고속도로,1번,1,37.47007,127.033472,1200,1200,1400,1400,6000,2,2,1,빨간색+노란색+녹색,2,2단2열,2017
국도 서초(서초),서울특별시,서초구,11650,3,남부순환로,92번,2,37.482778,127.022222,6000,1200,7000,2200,8500,2,2,1,빨간색+노란색+녹색,2,2단10열,2005
국도 서초(도곡),서울특별시,서초구,11650,3,남부순환로,92번,1,37.484167,127.030556,6000,1200,7000,2200,8500,2,2,1,빨간색+노란색+녹색,2,2단10열,2006
국도 반포(고속TM),서울특별시,서초구,11650,5,사평대로,,2,37.503056,127.017778,6000,1200,7000,2200,8500,2,2,1,빨간색+노란색+녹색,2,2단10열,2005
국도 강일IC(88대로),서울특별시,강동구,11740,3,올림픽대로,88번,2,37.568172,127.154042,6000,1200,6400,1600,8000,2,2,1,빨간색+노란색+녹색,2,2단10열,2009
판교구리방향 강일IC,서울특별시,강동구,11740,1,서울외곽순환고속도로,100번,2,37.554803,127.176789,9000,1800,9400,2200,8000,1,2,1,적색+황색+녹색+청색+청녹색+보라색+백색,2,3단15열,2018
국도 상일IC(천호대교),서울특별시,강동구,11740,3,천호대로,50번,2,37.539522,127.155603,6000,1200,6400,1600,8000,2,2,1,빨간색+노란색+녹색,2,2단10열,2009
판교구리방향 서하남,서울특별시,송파구,11710,1,서울외곽순환고속도로,100번,2,37.490756,127.137667,9000,1800,9400,2200,8000,1,2,1,빨간색+노란색+녹색,2,3단15열,2009
국도 송파IC(장지역),서울특별시,송파구,11710,3,송파대로,71번,1,37.480672,127.124989,6000,1200,6400,1600,8000,2,2,1,빨간색+노란색+녹색,2,2단10열,2009
국도 송파IC(헌릉로),서울특별시,강남구,11680,3,헌릉로,,2,37.464953,127.111839,6000,1200,6400,1600,8000,2,2,1,빨간색+노란색+녹색,2,2단10열,2014
서울방향 금토양재2(LCS),서울특별시,서초구,11650,고속,경부고속도로,1번,2,37.440302,127.060505,3000,600,4000,1600,8500,2,2,1,모든 색상,2,1단10열,2018
중랑-남구리,서울특별시,중랑구,11260,1,구리포천고속도로,29번,1,37.361786,127.65259,6000,1200,6400,1600,4500,1,2,1,빨간색+노란색+녹색,2,2단10열,2017
미사IC,서울특별시,강동구,11740,1,서울양양고속도로,60번,2,37.576389,127.171944,16000,3000,17000,3600,7600,1,2,1,빨간색+노란색+녹색,2,3단16열,2009
헌릉IC 하,서울특별시,강남구,11680,1,용인서울고속도로,171번,2,37.274642,127.053528,6000,1200,6600,1600,6600,2,2,1,빨간색+노란색+녹색,2,2단10열,2009
불암터널퇴계원,서울특별시,노원구,11350,1,외곽순환고속도로,100번,1,37.673427,127.095804,7800,1800,8400,2400,8700,1,2,1,빨간색+노란색+녹색,2,3단13열,2015
수락터널일산,서울특별시,노원구,11350,1,외곽순환고속도로,100번,2,37.672853,127.096536,7800,1800,8400,2400,8700,1,2,1,빨간색+노란색+녹색,2,3단13열,2015
올림픽대로,서울특별시,강서구,11500,3,올림픽대로,88번,1,37.579008,126.833853,8000,1600,8400,2000,6640,2,2,1,적색+황색+녹색+청색+청녹색+보라색+백색,2,2단10열,2018
개화터널 공항(33+920),서울특별시,강서구,11500,1,인천국제공항고속도로,130번,1,37.584812,126.812566,10400,1600,10900,1950,6225,1,2,1,적색+황색+녹색+청색+청녹색+보라색+백색,2,2단13열,2018
개화터널 서울(32+790),서울특별시,강서구,11500,1,인천국제공항고속도로,130번,2,37.585527,126.800276,10400,1600,10900,1950,6225,1,2,1,적색+황색+녹색+청색+청녹색+보라색+백색,2,2단13열,2018
미사IC,서울특별시,강동구,11740,고속,서울양양고속도로,60번,2,37.576389,127.171944,16000,3000,17000,3600,7600,1,2,1,빨간색+노란색+녹색,2,3단16열,2009
중랑-남구리,서울특별시,중랑구,11260,고속,구리포천고속도로,29번,1,37.361786,127.652591,6000,1200,6400,1600,4500,1,2,1,빨간색+노란색+녹색,2,2단10열,2017
헌릉IC(용인),서울특별시,강남구,11680,고속,용인서울고속도로,171번,2,37.462801,127.093192,7200,1200,7800,1600,6600,3,2,1,빨간색+노란색+녹색,2,2단12열,2021
개화터널 공항(33+920),서울특별시,강서구,31500,고속,인천국제공항고속도로,5,1,37.584755,126.812666,10400,1600,10900,1950,6225,1,2,1,적색+황색+녹색+청색+청녹색+보라색+백색,2,2단13열,2018
올림픽대로(1+0),서울특별시,강서구,31500,일반,올림픽대로,5,1,37.578972,126.833765,8000,1600,8400,2000,6640,3,2,1,적색+황색+녹색+청색+청녹색+보라색+백색,2,2단10열,2018
개화터널 서울(32+790),서울특별시,강서구,31500,고속,인천국제공항고속도로,5,2,37.585516,126.800139,10400,1600,10900,1950,6225,1,2,1,적색+황색+녹색+청색+청녹색+보라색+백색,2,2단13열,2018
국도 반포(고속TM),서울특별시,서초구,11650,고속,사평대로,92번,2,37.503056,127.017778,6000,600,6600,1000,8500,1,2,1,모든 색상,2,1단10열,2019
국도 서초(도곡),서울특별시,서초구,11650,고속,남부순환로,92번,1,37.484167,127.030556,6000,600,6600,1000,8500,1,2,1,모든 색상,2,1단10열,2019
국도 서초(서초),서울특별시,서초구,11650,고속,남부순환로,92번,2,37.482778,127.022222,6000,600,6600,1000,8500,1,2,1,모든 색상,2,1단10열,2019
만남의광장 교통안내,서울특별시,서초구,11650,고속,경부고속도로,1번,1,37.47007,127.033472,1200,1200,1400,1400,6000,1,2,1,빨간색+노란색+녹색,2,2단2열,2017
서울방향 양재IC,서울특별시,서초구,11650,고속,경부고속도로,1번,2,37.463611,127.039722,12600,1800,10000,2200,7500,2,2,1,빨간색+노란색+녹색,2,3단21열,2014
부산방향 양재IC,서울특별시,서초구,11650,고속,경부고속도로,1번,1,37.464115,127.039028,12600,1800,10000,2200,7500,2,2,1,빨간색+노란색+녹색,2,3단21열,2014
국도 양재(화훼),서울특별시,서초구,11650,고속,강남대로,41번,1,37.468056,127.040278,6000,600,6600,1000,8500,1,2,1,모든 색상,2,1단10열,2019
부산방향 양재IC(BUS),서울특별시,서초구,11650,고속,경부고속도로,1번,1,37.45382,127.048825,2400,600,3400,1600,7500,2,2,1,빨간색+노란색+녹색,2,1단6열,2010
국도 송파IC(헌릉로),서울특별시,강남구,11680,고속,헌릉로,71번,2,37.464953,127.111839,6000,1200,6400,1600,8000,1,2,1,빨간색+노란색+녹색,2,2단10열,2014
국도 송파IC(장지역),서울특별시,송파구,11710,고속,송파대로,71번,1,37.480672,127.124989,6000,1200,6400,1600,8000,1,2,1,빨간색+노란색+녹색,2,2단10열,2009
판교구리방향 서하남,서울특별시,송파구,11710,고속,서울외곽순환고속도로,100번,2,37.490756,127.137667,9000,1800,9400,2200,8000,2,2,1,빨간색+노란색+녹색,2,3단15열,2009
국도 상일IC(천호대교),서울특별시,강동구,11740,고속,천호대로,50번,2,37.539522,127.155603,6000,1200,6400,1600,8000,1,2,1,빨간색+노란색+녹색,2,2단10열,2009
판교구리방향 강일IC,서울특별시,강동구,11740,고속,서울외곽순환고속도로,100번,2,37.554803,127.176789,9000,1800,9400,2200,8000,2,2,1,모든 색상,2,3단15열,2018
국도 강일IC(88대로),서울특별시,강동구,11740,고속,올림픽대로,88번,2,37.568172,127.154042,6000,1200,6400,1600,8000,1,2,1,빨간색+노란색+녹색,2,2단10열,2009
국도 목포방향 금천IC,서울특별시,금천구,11545,고속,서부간선도로,1번,1,37.46230278,126.8887806,6000,1200,6400,1600,8000,1,2,1,빨간색+노란색+녹색,2,2단10열,2009
국도 반포(고속TM),서울특별시,서초구,11650,고속,사평대로,92번,2,37.50305556,127.0177778,6000,600,6600,1000,8500,1,2,1,모든 색상,2,1단10열,2019
국도 서초(도곡),서울특별시,서초구,11650,고속,남부순환로,92번,1,37.48416667,127.0305556,6000,600,6600,1000,8500,1,2,1,모든 색상,2,1단10열,2019
국도 서초(서초),서울특별시,서초구,11650,고속,남부순환로,92번,2,37.48277778,127.0222222,6000,600,6600,1000,8500,1,2,1,모든 색상,2,1단10열,2019
만남의광장 교통안내,서울특별시,서초구,11650,고속,경부고속도로,1번,1,37.47007009,127.0334722,1200,1200,1400,1400,6000,1,2,1,빨간색+노란색+녹색,2,2단2열,2017
서울방향 양재IC,서울특별시,서초구,11650,고속,경부고속도로,1번,2,37.46361111,127.0397222,12600,1800,10000,2200,7500,2,2,1,빨간색+노란색+녹색,2,3단21열,2014
부산방향 양재IC,서울특별시,서초구,11650,고속,경부고속도로,1번,1,37.464115,127.039028,12600,1800,10000,2200,7500,2,2,1,빨간색+노란색+녹색,2,3단21열,2014
국도 양재(화훼),서울특별시,서초구,11650,고속,강남대로,41번,1,37.46805556,127.0402778,6000,600,6600,1000,8500,1,2,1,모든 색상,2,1단10열,2019
부산방향 양재IC(BUS),서울특별시,서초구,11650,고속,경부고속도로,1번,1,37.4538201,127.048825,2400,600,3400,1600,7500,2,2,1,빨간색+노란색+녹색,2,1단6열,2010
서울방향 금토양재2(LCS),서울특별시,서초구,11650,고속,경부고속도로,1번,2,37.44030244,127.060505,3000,600,4000,1600,8500,2,2,1,모든 색상,2,1단10열,2018
국도 송파IC(헌릉로),서울특별시,강남구,11680,고속,헌릉로,71번,2,37.46495278,127.1118389,6000,1200,6400,1600,8000,1,2,1,빨간색+노란색+녹색,2,2단10열,2014
국도 송파IC(장지역),서울특별시,송파구,11710,고속,송파대로,71번,1,37.48067222,127.1249889,6000,1200,6400,1600,8000,1,2,1,빨간색+노란색+녹색,2,2단10열,2009
판교구리방향 서하남,서울특별시,송파구,11710,고속,서울외곽순환고속도로,100번,2,37.49075556,127.1376667,9000,1800,9400,2200,8000,2,2,1,빨간색+노란색+녹색,2,3단15열,2009
국도 상일IC(천호대교),서울특별시,강동구,11740,고속,천호대로,50번,2,37.53952222,127.1556028,6000,1200,6400,1600,8000,1,2,1,빨간색+노란색+녹색,2,2단10열,2009
판교구리방향 강일IC,서울특별시,강동구,11740,고속,서울외곽순환고속도로,100번,2,37.55480278,127.1767889,9000,1800,9400,2200,8000,2,2,1,모든 색상,2,3단15열,2018
국도 강일IC(88대로),서울특별시,강동구,11740,고속,올림픽대로,88번,2,37.56817222,127.1540417,6000,1200,6400,1600,8000,1,2,1,빨간색+노란색+녹색,2,2단10열,2009
국도 목포방향 금천IC,서울특별시,금천구,11545,고속,서부간선도로,1번,1,37.462303,126.888781,6000,1200,6400,1600,8000,1,2,1,빨간색+노란색+녹색,2,2단10열,2009
